Reference;Type;Clast size (mm);Slope (tan);Clast size ();Slope (deg)
Bradbury1992;Beach;16;0,1;-4;5,71
Mason1989;Beach;2,6;0,095;-1,379;5,43
Mason1989;Beach;2;0,055;-1;3,15
Sherman1993;Beach;32;0,24;-5;13,5
Jennings2002;Beach;3,53;0,14;-1,82;7,97
Jennings2002;Beach;4,03;0,13;-2,01;7,41
Jennings2002;Beach;24,76;0,23;-4,63;12,95
Jennings2002;Beach;20,97;0,23;-4,39;12,95
Jennings2002;Beach;7,06;0,1;-2,82;5,71
Jennings2002;Beach;33,82;0,24;-5,08;13,5
Jennings2002;Beach;15,89;0,2;-3,99;11,31
Jennings2002;Beach;2,91;0,11;-1,54;6,28
Jennings2002;Beach;6,82;0,11;-2,77;6,28
Jennings2002;Beach;1,08;0,12;-0,11;6,84
Jennings2002;Beach;5,24;0,12;-2,39;6,84
Jennings2002;Beach;9,65;0,08;-3,27;4,57
Jennings2002;Beach;1,26;0,09;-0,33;5,14
Jennings2002;Beach;2,6;0,09;-1,38;5,14
Jennings2002;Beach;0,95;0,08;0,08;4,57
Jennings2002;Beach;1,39;0,08;-0,48;4,57
Jennings2002;Beach;6,73;0,09;-2,75;5,14
Jennings2002;Beach;7,46;0,08;-2,9;4,57
Jennings2002;Beach;3,61;0,09;-1,85;5,14
Jennings2002;Beach;3,07;0,09;-1,62;5,14
Jennings2002;Beach;0,78;0,04;0,36;2,29
Jennings2002;Beach;1,61;0,07;-0,69;4
Jennings2002;Beach;4,44;0,09;-2,15;5,14
Jennings2002;Beach;2,89;0,06;-1,53;3,43
Jennings2002;Beach;2,17;0,07;-1,12;4
Jennings2002;Beach;10,56;0,09;-3,4;5,14
Jennings2002;Beach;2,55;0,06;-1,35;3,43
Jennings2002;Beach;4,06;0,08;-2,02;4,57
Jennings2002;Beach;0,75;0,08;0,42;4,57
Jennings2002;Beach;1,1;0,08;-0,14;4,57
Jennings2002;Beach;2,13;0,08;-1,09;4,57
Jennings2002;Beach;1,89;0,1;-0,92;5,71
Jennings2002;Beach;6,36;0,07;-2,67;4
Jennings2002;Beach;4,26;0,07;-2,09;4
Jennings2002;Beach;6,87;0,05;-2,78;2,86
Jennings2002;Beach;13,09;0,13;-3,71;7,41
Jennings2002;Beach;25,11;0,07;-4,65;4
Jennings2002;Beach;0,99;0,12;0,01;6,84
Jennings2002;Beach;23,43;0,14;-4,55;7,97
Jennings2002;Beach;5,62;0,08;-2,49;4,57
Jennings2002;Beach;1,71;0,11;-0,77;6,28
Jennings2002;Beach;46,85;0,15;-5,55;8,53
Etienne2010;Beach;510;0,175;-8,994;9,93
Etienne2010;Beach;477,5;0,188;-8,899;10,62
Etienne2010;Beach;447;0,15;-8,804;8,53
Etienne2010;Beach;462,5;0,2;-8,853;11,31
Etienne2010;Beach;517,5;0,156;-9,015;8,84
Vousdoukas2012;Beach;0,5;0,105;1;5,99
Scott2011;Beach;1,42;0,12;-0,506;6,84
Scott2011;Beach;12;0,18;-3,585;10,2
Scott2011;Beach;0,65;0,12;0,621;6,84
Forbes1995;Beach;60;0,32;-5,907;17,74
Forbes1995;Beach;74;0,32;-6,209;17,74
Forbes1995;Beach;85;0,32;-6,409;17,74
Forbes1995;Beach;49;0,3;-5,615;16,7
Forbes1995;Beach;60;0,3;-5,907;16,7
Forbes1995;Beach;64;0,3;-6;16,7
Forbes1995;Beach;42;0,3;-5,392;16,7
Forbes1995;Beach;52;0,3;-5,7;16,7
Forbes1995;Beach;69;0,25;-6,109;14,04
Forbes1995;Beach;85;0,25;-6,409;14,04
Forbes1995;Beach;56;0,25;-5,807;14,04
Warrick2009;Beach;110;0,19;-6,781;10,76
Warrick2009;Beach;95;0,19;-6,57;10,76
Warrick2009;Beach;94;0,17;-6,555;9,65
Warrick2009;Beach;70;0,17;-6,129;9,65
Warrick2009;Beach;60;0,17;-5,907;9,65
Warrick2009;Beach;58;0,19;-5,858;10,76
Warrick2009;Beach;62;0,19;-5,954;10,76
Warrick2009;Beach;50;0,15;-5,644;8,53
Warrick2009;Beach;80;0,15;-6,322;8,53
Warrick2009;Beach;57;0,16;-5,833;9,09
Warrick2009;Beach;70;0,14;-6,129;7,97
Warrick2009;Beach;100;0,14;-6,644;7,97
Warrick2009;Beach;120;0,14;-6,907;7,97
Warrick2009;Beach;135;0,14;-7,077;7,97
Warrick2009;Beach;160;0,14;-7,322;7,97
Warrick2009;Beach;175;0,14;-7,451;7,97
Warrick2009;Beach;50;0,15;-5,644;8,53
Miller2011;Beach;19;0,12;-4,248;6,84
Miller2011;Beach;42;0,13;-5,392;7,41
Miller2011;Beach;60;0,13;-5,907;7,41
Almeida2013;Beach;3;0,09;-1,585;5,14
Bertoni2013;Beach;75;0,17;-6,229;9,65
Bertoni2013;Beach;6;0,2;-2,585;11,31
Lorang2002;Beach;59;0,15;-5,883;8,53
Aagaard2013;Beach;0,18;0,06;2,515;3,43
Aagaard2013;Beach;0,19;0,08;2,396;4,57
Aagaard2013;Beach;0,25;0,07;2;4
Aagaard2013;Beach;0,19;0,03;2,396;1,72
Aagaard2013;Beach;0,28;0,11;1,862;6,28
Aagaard2012;Beach;0,4;0,1;1,322;5,71
Dail2000;Beach;0,35;0,135;1,515;7,69
Masselink2010;Beach;3,5;0,14;-1,807;7,97
Obhrai2012;Beach;9,2;0,112;-3,202;6,39
Obhrai2012;Beach;10,8;0,112;-3,433;6,39
Obhrai2012;Beach;20,4;0,112;-4,35;6,39
Obhrai2012;Beach;0,23;0,112;2,12;6,39
Obhrai2012;Beach;23,5;0,112;-4,555;6,39
Wescott1980;Beach;8;0,129;-3;7,35
Wescott1980;Beach;1;0,129;0;7,35
Wescott1980;Beach;0,9;0,129;0,152;7,35
Wescott1980;Beach;7;0,171;-2,807;9,7
Wescott1980;Beach;3,5;0,105;-1,807;5,99
Wescott1980;Beach;10,6;0,157;-3,406;8,92
Wescott1980;Beach;12;0,22;-3,585;12,41
Wescott1980;Beach;2,3;0,115;-1,202;6,56
Wescott1980;Beach;19,7;0,115;-4,3;6,56
Wescott1980;Beach;15;0,094;-3,907;5,37
Wescott1980;Beach;1,6;0,049;-0,678;2,81
Wescott1980;Beach;1,7;0,088;-0,766;5,03
Wescott1980;Beach;3,4;0,184;-1,766;10,43
Wescott1980;Beach;4,6;0,058;-2,202;3,32
Wescott1980;Beach;1;0,085;0;4,86
Wescott1980;Beach;0,4;0,155;1,322;8,81
Wescott1980;Beach;4;0,288;-2;16,07
Wescott1980;Beach;12;0,17;-3,585;9,65
Wescott1980;Beach;4,3;0,17;-2,104;9,65
Wescott1980;Beach;5,3;0,17;-2,406;9,65
Wescott1980;Beach;4,6;0,14;-2,202;7,97
Wescott1980;Beach;4,3;0,14;-2,104;7,97
Wescott1980;Beach;0,4;0,18;1,322;10,2
Wescott1980;Beach;0,7;0,091;0,515;5,2
Wescott1980;Beach;4,6;0,146;-2,202;8,31
Wescott1980;Beach;4,3;0,139;-2,104;7,91
Wescott1980;Beach;1,1;0,103;-0,138;5,88
Wescott1980;Beach;7;0,11;-2,807;6,28
Wescott1980;Beach;2,8;0,168;-1,485;9,54
Wescott1980;Beach;2,5;0,168;-1,322;9,54
Wescott1980;Beach;5,7;0,096;-2,511;5,48
Wescott1980;Beach;4,3;0,197;-2,104;11,14
Wescott1980;Beach;1,7;0,123;-0,766;7,01
Wescott1980;Beach;3,7;0,111;-1,888;6,33
Allan2005;Beach;51,3;0,249;-5,681;13,98
Allan2005;Beach;64,9;0,157;-6,02;8,92
Allan2005;Beach;69,1;0,151;-6,111;8,59
Allan2005;Beach;62,3;0,211;-5,961;11,91
Allan2005;Beach;43,4;0,164;-5,44;9,31
Allan2005;Beach;53,5;0,224;-5,741;12,63
Allan2005;Beach;73;0,441;-6,19;23,8
Allan2005;Beach;86,8;0,158;-6,44;8,98
Allan2005;Beach;76,6;0,132;-6,259;7,52
Allan2005;Beach;128;0,158;-7;8,98
Allan2005;Beach;86,8;0,151;-6,44;8,59
Allan2005;Beach;100,4;0,121;-6,65;6,9
Allan2005;Beach;56,1;0,185;-5,81;10,48
Allan2005;Beach;54,6;0,202;-5,771;11,42
Allan2005;Beach;40,2;0,231;-5,329;13,01
Allan2005;Beach;71,5;0,202;-6,16;11,42
Allan2005;Beach;88;0,184;-6,459;10,43
Allan2005;Beach;62,3;0,246;-5,961;13,82
Allan2005;Beach;61;0,166;-5,931;9,43
Allan2005;Beach;60,1;0,176;-5,909;9,98
Allan2005;Beach;50,9;0,227;-5,67;12,79
Allan2005;Beach;100,4;0,209;-6,65;11,8
Spiske2014;Ridge;104;0,37;-6,7;20,3
Spiske2014;Ridge;88;0,195;-6,459;11,03
Ivamy2006;Beach;2,34;0,1;-1,227;5,71
Guedes2011;Beach;0,63;0,115;0,678;6,56
Aragones2015;Beach;9,31;0,26;-3,218;14,57
Aragones2015;Beach;1,73;0,22;-0,787;12,41
Aragones2015;Beach;26,91;0,16;-4,75;9,09
Aragones2015;Beach;31,94;0,23;-4,997;12,95
Aragones2015;Beach;14,45;0,46;-3,853;24,7
Aragones2015;Beach;16,26;0,125;-4,023;7,13
Aragones2015;Beach;21,28;0,11;-4,411;6,28
Aragones2015;Beach;38,36;0,3;-5,262;16,7
Aragones2015;Beach;23,15;0,31;-4,533;17,22
Aragones2015;Beach;24,32;0,156;-4,604;8,87
Aragones2015;Beach;18,63;0,205;-4,219;11,59
Aragones2015;Beach;8,05;0,138;-3,009;7,86
Aragones2015;Beach;21,59;0,374;-4,432;20,51
Aragones2015;Beach;32,61;0,121;-5,027;6,9
Aragones2015;Beach;28,45;0,154;-4,83;8,75
Aragones2015;Beach;13,56;0,22;-3,761;12,41
Aragones2015;Beach;20,57;0,105;-4,363;5,99
Aragones2015;Beach;26,09;0,606;-4,705;31,22
Aragones2015;Beach;15,43;0,068;-3,947;3,89
Aragones2015;Beach;0,25;0,212;1,994;11,97
Aragones2015;Beach;12,73;0,13;-3,671;7,41
Aragones2015;Beach;18,76;0,134;-4,23;7,63
Aragones2015;Beach;25,89;0,199;-4,694;11,25
Aragones2015;Beach;20,5;0,105;-4,358;5,99
Aragones2015;Beach;0,37;0,139;1,419;7,91
McCall2015;Beach;40;0,2;-5,322;11,31
McCall2015;Beach;2;0,12;-1;6,84
McCall2015;Beach;80;0,11;-6,322;6,28
McCall2015;Beach;6;0,15;-2,585;8,53
Bosom2011;Beach;0,25;0,09;2;5,14
Bosom2011;Beach;0,55;0,146;0,862;8,31
Bosom2011;Beach;0,85;0,156;0,234;8,87
Bosom2011;Beach;1,15;0,179;-0,202;10,15
Bosom2011;Beach;1,45;0,171;-0,536;9,7
Nantian;6;90,62;0,163;-6,502;9,25
Nantian;6;105,71;0,205;-6,724;11,6
Nantian;6;146,57;0,261;-7,195;14,62
Nantian;6;145,07;0,228;-7,181;12,85
Nantian;6;111;0,237;-6,794;13,31
Nantian;6;83,45;0,296;-6,383;16,49
Nantian;6;97,03;0,301;-6,6;16,76
Nantian;6;81,42;0,298;-6,347;16,57
Nantian;6;72,65;0,316;-6,183;17,54
Nantian;6;90,83;0,276;-6,505;15,42
Nantian;6;108,46;0,283;-6,761;15,77
Nantian;6;126,85;0,251;-6,987;14,08
Nantian;6;120,26;0,242;-6,91;13,63
Nantian;6;79,49;0,246;-6,313;13,8
Nantian;6;51,66;0,172;-5,691;9,74
Nantian;6;96,73;0,202;-6,596;11,42
Nantian;6;110,7;0,228;-6,791;12,84
Nantian;6;140,6;0,176;-7,135;9,97
Nantian;6;56,06;0,212;-5,809;11,97
Curtiss2009;Beach;22,5;0,18;-4,492;10,2
Curtiss2009;Beach;17;0,175;-4,087;9,93
Pinto2009;Beach;0,63;0,086;0,667;4,92
Pinto2009;Beach;0,43;0,084;1,218;4,8
Pinto2009;Beach;0,43;0,073;1,218;4,18
Pinto2009;Beach;0,51;0,111;0,971;6,33
Pinto2009;Beach;0,47;0,112;1,089;6,39
Pinto2009;Beach;0,5;0,095;1;5,43
Pinto2009;Beach;1,16;0,052;-0,214;2,98
Pinto2009;Beach;0,21;0,113;2,252;6,45
Pinto2009;Beach;0,32;0,087;1,644;4,97
Pinto2009;Beach;0,34;0,101;1,556;5,77
Pinto2009;Beach;0,33;0,09;1,599;5,14
Pinto2009;Beach;0,27;0,094;1,889;5,37
Pinto2009;Beach;0,53;0,022;0,916;1,26
Pinto2009;Beach;0,54;0,033;0,889;1,89
Pinto2009;Beach;0,49;0,054;1,029;3,09
Pinto2009;Beach;0,5;0,078;1;4,46
Pinto2009;Beach;0,42;0,076;1,252;4,35
Pinto2009;Beach;0,53;0,085;0,916;4,86
Pinto2009;Beach;0,55;0,118;0,862;6,73
Pinto2009;Beach;0,5;0,089;1;5,09
Pinto2009;Beach;0,34;0,119;1,556;6,79
Pinto2009;Beach;0,35;0,13;1,515;7,41
Pinto2009;Beach;0,25;0,103;2;5,88
Pinto2009;Beach;0,34;0,094;1,556;5,37
Pinto2009;Beach;0,8;0,1;0,322;5,71
Pinto2009;Beach;0,43;0,072;1,218;4,12
Pinto2009;Beach;0,52;0,044;0,943;2,52
Pinto2009;Beach;0,82;0,036;0,286;2,06
Pinto2009;Beach;0,57;0,036;0,811;2,06
Pinto2009;Beach;0,62;0,058;0,69;3,32
Silva2009;Beach;0,43;0,07;1,218;4
Silva2009;Beach;0,55;0,07;0,862;4
Silva2009;Beach;0,36;0,08;1,474;4,57
Silva2009;Beach;0,56;0,08;0,837;4,57
Silva2009;Beach;0,61;0,08;0,713;4,57
Silva2009;Beach;0,57;0,07;0,811;4
Silva2009;Beach;0,57;0,09;0,811;5,14
Silva2009;Beach;0,41;0,08;1,286;4,57
Isla2005;Beach;14,93;0,15;-3,9;8,53
Isla2005;Beach;10,56;0,145;-3,4;8,25
Isla2005;Beach;6,06;0,11;-2,6;6,28
Isla2005;Beach;4,92;0,175;-2,3;9,93
Isla2005;Beach;4,29;0,095;-2,1;5,43
Isla2005;Beach;3,03;0,083;-1,6;4,72
Isla2005;Beach;2,64;0,085;-1,4;4,86
Isla2005;Beach;2,64;0,125;-1,4;7,13
Isla2005;Beach;2,3;0,105;-1,2;5,99
Isla2005;Beach;1,87;0,115;-0,9;6,56
Isla2005;Beach;1,87;0,09;-0,9;5,14
Isla2005;Beach;1,62;0,08;-0,7;4,57
Isla2005;Beach;1,62;0,075;-0,7;4,29
Isla2005;Beach;1;0,1;0;5,71
Isla2005;Beach;0,66;0,1;0,6;5,71
Isla2005;Beach;0,62;0,08;0,7;4,57
Isla2005;Beach;0,41;0,09;1,3;5,14
Isla2005;Beach;0,38;0,075;1,4;4,29
Isla2005;Beach;0,22;0,058;2,2;3,29
Gallop2012;Beach;0,4;0,09;1,322;5,14
Silveira2013a;Beach;0,4;0,05;1,31;2,86
Silveira2013a;Beach;0,59;0,14;0,77;7,97
Silveira2013a;Beach;0,57;0,14;0,82;7,97
Silveira2013a;Beach;0,68;0,14;0,56;7,97
Silveira2013a;Beach;0,24;0,02;2,05;1,15
Silveira2013a;Beach;0,41;0,04;1,29;2,29
Silveira2013a;Beach;0,37;0,09;1,43;5,14
Silveira2013a;Beach;0,23;0,05;2,12;2,86
Silveira2013a;Beach;0,51;0,09;0,97;5,14
Silveira2013a;Beach;0,5;0,14;1,01;7,97
Silveira2013a;Beach;0,6;0,18;0,73;10,2
Silveira2013a;Beach;0,69;0,15;0,54;8,53
Silveira2013a;Beach;0,64;0,17;0,65;9,65
Silveira2013a;Beach;0,51;0,12;0,96;6,84
Silveira2013a;Beach;0,47;0,11;1,08;6,28
Silveira2013a;Beach;0,36;0,06;1,46;3,43
Silveira2013a;Beach;0,51;0,14;0,96;7,97
Silveira2013a;Beach;0,58;0,11;0,79;6,28
Silveira2013a;Beach;0,59;0,05;0,77;2,86
Silveira2013a;Beach;0,29;0,03;1,77;1,72
Silveira2013a;Beach;0,34;0,06;1,55;3,43
Silveira2013a;Beach;0,84;0,14;0,25;7,97
Silveira2013a;Beach;0,58;0,14;0,78;7,97
Silveira2013a;Beach;0,67;0,11;0,57;6,28
Silveira2013a;Beach;0,23;0,03;2,15;1,72
Silveira2013a;Beach;0,23;0,02;2,1;1,15
Silveira2013a;Beach;0,44;0,05;1,18;2,86
Silveira2013a;Beach;0,5;0,04;1;2,29
Silveira2013a;Beach;0,31;0,05;1,71;2,86
Silveira2013a;Beach;0,22;0,08;2,21;4,57
Silveira2013a;Beach;0,49;0,15;1,03;8,53
Silveira2013a;Beach;0,64;0,16;0,64;9,09
Silveira2013a;Beach;0,74;0,15;0,43;8,53
Silveira2013a;Beach;0,74;0,09;0,44;5,14
Silveira2013a;Beach;0,7;0,16;0,51;9,09
Silveira2013a;Beach;0,36;0,1;1,47;5,71
Silveira2013a;Beach;0,48;0,12;1,06;6,84
Silveira2013a;Beach;0,4;0,15;1,32;8,53
Silveira2013a;Beach;0,41;0,14;1,29;7,97
Silveira2013a;Beach;0,42;0,09;1,25;5,14
Silveira2013a;Beach;0,38;0,11;1,38;6,28
Silveira2013a;Beach;0,39;0,08;1,36;4,57
Silveira2013a;Beach;0,4;0,11;1,33;6,28
Silveira2013a;Beach;0,38;0,1;1,41;5,71
Silveira2013a;Beach;0,84;0,16;0,25;9,09
Silveira2013a;Beach;0,55;0,16;0,86;9,09
Silveira2013a;Beach;0,67;0,18;0,58;10,2
Silveira2013a;Beach;0,26;0,07;1,93;4
Silveira2013a;Beach;0,23;0,06;2,1;3,43
Silveira2013a;Beach;0,3;0,05;1,72;2,86
Silveira2013a;Beach;0,29;0,06;1,77;3,43
Silveira2013a;Beach;0,26;0,06;1,96;3,43
Silveira2013a;Beach;0,65;0,12;0,63;6,84
Silveira2013a;Beach;0,68;0,13;0,56;7,41
Silveira2013a;Beach;0,71;0,15;0,49;8,53
Silveira2013a;Beach;0,68;0,16;0,56;9,09
Silveira2013a;Beach;0,68;0,19;0,56;10,76
Silveira2013a;Beach;0,37;0,1;1,45;5,71
Silveira2013a;Beach;0,45;0,13;1,16;7,41
Silveira2013a;Beach;0,39;0,09;1,37;5,14
Silveira2013a;Beach;0,39;0,08;1,37;4,57
Silveira2013a;Beach;0,36;0,08;1,46;4,57
Silveira2013a;Beach;0,44;0,08;1,2;4,57
Silveira2013a;Beach;0,38;0,05;1,41;2,86
Silveira2013a;Beach;0,99;0,16;0,02;9,09
Silveira2013a;Beach;0,38;0,16;1,4;9,09
Silveira2013a;Beach;0,74;0,13;0,44;7,41
Silveira2013a;Beach;0,48;0,07;1,06;4
Silveira2013a;Beach;0,59;0,09;0,75;5,14
Silveira2013a;Beach;0,74;0,15;0,43;8,53
Silveira2013a;Beach;0,67;0,09;0,58;5,14
Silveira2013a;Beach;0,44;0,12;1,2;6,84
Silveira2013a;Beach;0,4;0,07;1,32;4
Silveira2013a;Beach;0,37;0,13;1,42;7,41
Silveira2013a;Beach;0,4;0,07;1,32;4
Silveira2013a;Beach;0,88;0,16;0,18;9,09
Silveira2013a;Beach;0,71;0,14;0,49;7,97
Silveira2013a;Beach;0,67;0,13;0,57;7,41
Silveira2013a;Beach;0,22;0,03;2,17;1,72
Silveira2013a;Beach;0,25;0,05;1,98;2,86
Silveira2013a;Beach;0,37;0,07;1,42;4
Silveira2013a;Beach;0,24;0,05;2,07;2,86
Silveira2013a;Beach;0,55;0,09;0,87;5,14
Silveira2013a;Beach;0,57;0,12;0,82;6,84
Silveira2013a;Beach;0,64;0,09;0,65;5,14
Silveira2013a;Beach;0,62;0,13;0,69;7,41
Silveira2013a;Beach;0,74;0,17;0,44;9,65
Silveira2013a;Beach;0,41;0,12;1,3;6,84
Silveira2013a;Beach;0,42;0,07;1,25;4
Silveira2013a;Beach;0,41;0,1;1,3;5,71
Silveira2013a;Beach;0,45;0,11;1,16;6,28
Silveira2013a;Beach;0,38;0,11;1,41;6,28
Silveira2013a;Beach;0,68;0,1;0,56;5,71
Silveira2013a;Beach;0,69;0,19;0,54;10,76
Silveira2013a;Beach;0,62;0,14;0,7;7,97
Silveira2013a;Beach;0,23;0,02;2,09;1,15
Silveira2013a;Beach;0,23;0,05;2,1;2,86
Silveira2013a;Beach;0,37;0,16;1,43;9,09
Silveira2013a;Beach;0,25;0,1;2;5,71
Silveira2013a;Beach;0,24;0,07;2,04;4
Silveira2013a;Beach;0,57;0,08;0,8;4,57
Silveira2013a;Beach;0,57;0,1;0,81;5,71
Silveira2013a;Beach;0,69;0,14;0,53;7,97
Silveira2013a;Beach;0,56;0,16;0,84;9,09
Silveira2013a;Beach;0,69;0,17;0,53;9,65
Silveira2013a;Beach;0,41;0,11;1,27;6,28
Silveira2013a;Beach;0,37;0,09;1,44;5,14
Silveira2013a;Beach;0,42;0,1;1,25;5,71
Silveira2013a;Beach;0,41;0,11;1,27;6,28
Silveira2013a;Beach;0,38;0,1;1,41;5,71
Silveira2013a;Beach;0,38;0,08;1,41;4,57
Silveira2013a;Beach;0,71;0,14;0,5;7,97
Silveira2013a;Beach;1,42;0,17;-0,51;9,65
Silveira2013a;Beach;0,59;0,17;0,75;9,65
Silveira2013a;Beach;0,41;0,13;1,3;7,41
Silveira2013a;Beach;0,21;0,02;2,22;1,15
Silveira2013a;Beach;0,24;0,07;2,06;4
Silveira2013a;Beach;0,3;0,07;1,75;4
Silveira2013a;Beach;0,23;0,04;2,1;2,29
Silveira2013a;Beach;0,55;0,09;0,85;5,14
Silveira2013a;Beach;0,61;0,15;0,71;8,53
Silveira2013a;Beach;0,73;0,14;0,46;7,97
Silveira2013a;Beach;0,58;0,14;0,79;7,97
Silveira2013a;Beach;0,86;0,18;0,22;10,2
Silveira2013a;Beach;0,68;0,17;0,55;9,65
Silveira2013a;Beach;0,4;0,1;1,31;5,71
Silveira2013a;Beach;0,37;0,07;1,44;4
Silveira2013a;Beach;0,44;0,08;1,19;4,57
Silveira2013a;Beach;0,42;0,09;1,26;5,14
Silveira2013a;Beach;0,42;0,11;1,24;6,28
Silveira2013a;Beach;0,38;0,09;1,4;5,14
Silveira2013a;Beach;0,47;0,08;1,08;4,57
Silveira2013a;Beach;0,55;0,08;0,85;4,57
Silveira2013a;Beach;0,56;0,09;0,84;5,14
Silveira2013a;Beach;1,22;0,12;-0,29;6,84
Silveira2013a;Beach;0,27;0,05;1,88;2,86
Silveira2013a;Beach;0,45;0,06;1,14;3,43
Silveira2013a;Beach;0,27;0,04;1,88;2,29
Silveira2013a;Beach;0,49;0,12;1,02;6,84
Silveira2013a;Beach;0,64;0,11;0,64;6,28
Silveira2013a;Beach;0,62;0,11;0,7;6,28
Silveira2013a;Beach;0,4;0,13;1,31;7,41
Silveira2013a;Beach;0,38;0,06;1,38;3,43
Silveira2013a;Beach;0,37;0,05;1,42;2,86
Silveira2013a;Beach;0,34;0,12;1,57;6,84
Silveira2013a;Beach;0,52;0,11;0,93;6,28
Silveira2013a;Beach;0,6;0,11;0,73;6,28
Silveira2013a;Beach;0,71;0,12;0,49;6,84
Silveira2013a;Beach;0,97;0,16;0,05;9,09
Silveira2013a;Beach;1,38;0,1;-0,46;5,71
Silveira2013a;Beach;0,4;0,04;1,33;2,29
Silveira2013a;Beach;0,56;0,11;0,84;6,28
Silveira2013a;Beach;0,63;0,11;0,66;6,28
Silveira2013a;Beach;0,66;0,11;0,6;6,28
Silveira2013a;Beach;0,69;0,13;0,53;7,41
Silveira2013a;Beach;0,39;0,05;1,37;2,86
Reis2010;Beach;1,83;0,141;-0,873;8,03
Reis2010;Beach;1,83;0,129;-0,873;7,35
Reis2010;Beach;1,86;0,115;-0,892;6,56
Reis2010;Beach;1,69;0,158;-0,753;8,98
Reis2010;Beach;1,69;0,141;-0,753;8,03
Reis2010;Beach;1,75;0,134;-0,811;7,63
Reis2010;Beach;1,73;0,128;-0,787;7,29
Reis2010;Beach;1,75;0,108;-0,811;6,16
Reis2010;Beach;1,8;0,099;-0,85;5,65
Reis2010;Beach;1,77;0,093;-0,82;5,31
Reis2010;Beach;1,66;0,113;-0,728;6,45
Reis2010;Beach;1,58;0,152;-0,655;8,64
Reis2010;Beach;1,54;0,136;-0,625;7,74
Reis2010;Beach;1,56;0,133;-0,644;7,58
Reis2010;Beach;1,58;0,122;-0,655;6,96
Reis2010;Beach;1,53;0,086;-0,61;4,92
Reis2010;Beach;1,36;0,084;-0,447;4,8
Reis2010;Beach;1,42;0,13;-0,502;7,41
Reis2010;Beach;1,51;0,132;-0,595;7,52
Reis2010;Beach;1,42;0,169;-0,502;9,59
Reis2010;Beach;1,34;0,184;-0,417;10,43
Reis2010;Beach;1,18;0,171;-0,244;9,7
Reis2010;Beach;1,1;0,176;-0,14;9,98
Reis2010;Beach;1,28;0,161;-0,354;9,15
Reis2010;Beach;1,31;0,149;-0,39;8,47
Reis2010;Beach;1,38;0,141;-0,464;8,03
Reis2010;Beach;1,2;0,145;-0,268;8,25
Reis2010;Beach;0,92;0,177;0,116;10,04
Reis2010;Beach;0,34;0,152;1,569;8,64
Reis2010;Beach;0,39;0,159;1,344;9,03
Reis2010;Beach;0,46;0,16;1,136;9,09
Reis2010;Beach;0,44;0,147;1,175;8,36
Reis2010;Beach;0,54;0,16;0,878;9,09
Reis2010;Beach;0,54;0,155;0,889;8,81
Reis2010;Beach;0,58;0,172;0,783;9,76
Reis2010;Beach;0,68;0,173;0,567;9,82
Reis2010;Beach;0,73;0,164;0,45;9,31
Reis2010;Beach;0,69;0,155;0,533;8,81
Reis2010;Beach;0,7;0,156;0,525;8,87
Reis2010;Beach;0,66;0,152;0,593;8,64
Reis2010;Beach;0,76;0,156;0,388;8,87
Reis2010;Beach;0,77;0,159;0,371;9,03
Reis2010;Beach;0,79;0,153;0,349;8,7
Reis2010;Beach;0,81;0,155;0,306;8,81
Reis2010;Beach;0,83;0,165;0,269;9,37
Reis2010;Beach;0,82;0,154;0,292;8,75
Reis2010;Beach;0,83;0,156;0,262;8,87
Reis2010;Beach;0,84;0,152;0,255;8,64
Reis2010;Beach;0,97;0,147;0,047;8,36
Reis2010;Beach;0,5;0,127;1,012;7,24
Reis2010;Beach;0,56;0,127;0,844;7,24
Reis2010;Beach;0,58;0,137;0,793;7,8
Reis2010;Beach;0,64;0,143;0,639;8,14
Reis2010;Beach;0,71;0,138;0,492;7,86
Reis2010;Beach;0,82;0,139;0,292;7,91
Reis2010;Beach;0,82;0,142;0,292;8,08
Reis2010;Beach;0,68;0,132;0,55;7,52
Reis2010;Beach;0,63;0,126;0,667;7,18
Reis2010;Beach;0,84;0,134;0,255;7,63
Reis2010;Beach;0,95;0,128;0,077;7,29
Reis2010;Beach;1,17;0,126;-0,224;7,18
Reis2010;Beach;1,12;0,126;-0,157;7,18
Reis2010;Beach;1,05;0,115;-0,076;6,56
Reis2010;Beach;1,22;0,108;-0,282;6,16
Reis2010;Beach;1,26;0,108;-0,335;6,16
Reis2010;Beach;1,2;0,099;-0,263;5,65
Reis2010;Beach;0,93;0,111;0,103;6,33
Reis2010;Beach;0,87;0,109;0,201;6,22
Reis2010;Beach;0,74;0,116;0,427;6,62
Reis2010;Beach;0,6;0,112;0,744;6,39
Reis2010;Beach;0,53;0,111;0,911;6,33
Reis2010;Beach;0,41;0,106;1,3;6,05
Reis2010;Beach;0,34;0,11;1,569;6,28
Reis2010;Beach;0,34;0,106;1,569;6,05
Reis2010;Beach;0,3;0,108;1,756;6,16
Reis2010;Beach;0,26;0,105;1,971;5,99
Reis2010;Beach;0,22;0,106;2,165;6,05
Reis2010;Beach;0,23;0,094;2,114;5,37
Reis2010;Beach;0,23;0,1;2,114;5,71
Reis2010;Beach;0,26;0,098;1,949;5,6
Reis2010;Beach;0,26;0,099;1,949;5,65
Reis2010;Beach;0,29;0,1;1,796;5,71
Reis2010;Beach;0,32;0,1;1,626;5,71
Reis2010;Beach;0,27;0,092;1,884;5,26
Reis2010;Beach;0,26;0,093;1,971;5,31
Reis2010;Beach;0,31;0,095;1,699;5,43
Reis2010;Beach;0,34;0,092;1,569;5,26
Reis2010;Beach;0,31;0,09;1,699;5,14
Reis2010;Beach;0,29;0,086;1,796;4,92
Reis2010;Beach;0,37;0,081;1,438;4,63
Reis2010;Beach;0,5;0,094;0,989;5,37
Reis2010;Beach;0,57;0,098;0,803;5,6
Reis2010;Beach;0,53;0,086;0,911;4,92
Reis2010;Beach;0,68;0,091;0,567;5,2
Reis2010;Beach;0,68;0,104;0,559;5,94
Reis2010;Beach;0,69;0,105;0,542;5,99
Reis2010;Beach;0,75;0,097;0,411;5,54
Reis2010;Beach;0,57;0,059;0,813;3,38
Reis2010;Beach;0,77;0,061;0,381;3,49
Reis2010;Beach;0,48;0,145;1,059;8,25
Reis2010;Beach;0,47;0,14;1,077;7,97
Reis2010;Beach;0,35;0,142;1,523;8,08
Reis2010;Beach;0,34;0,141;1,548;8,03
Reis2010;Beach;0,31;0,127;1,676;7,24
Reis2010;Beach;0,27;0,131;1,916;7,46
Reis2010;Beach;0,36;0,128;1,486;7,29
Reis2010;Beach;0,41;0,123;1,29;7,01
Reis2010;Beach;0,45;0,127;1,146;7,24
Reis2010;Beach;0,51;0,115;0,977;6,56
Reis2010;Beach;0,51;0,112;0,963;6,39
Reis2010;Beach;0,43;0,107;1,228;6,11
Reis2010;Beach;0,38;0,112;1,407;6,39
Reis2010;Beach;0,35;0,121;1,527;6,9
Reis2010;Beach;0,37;0,111;1,442;6,33
Reis2010;Beach;0,32;0,11;1,626;6,28
Reis2010;Beach;0,31;0,113;1,69;6,45
Reis2010;Beach;0,3;0,114;1,732;6,5
Reis2010;Beach;0,24;0,126;2,083;7,18
Reis2010;Beach;0,23;0,116;2,146;6,62
Reis2010;Beach;0,28;0,109;1,842;6,22
Reis2010;Beach;0,33;0,106;1,604;6,05
Reis2010;Beach;0,36;0,099;1,466;5,65
Reis2010;Beach;0,35;0,094;1,515;5,37
Reis2010;Beach;0,3;0,094;1,723;5,37
Reis2010;Beach;0,32;0,092;1,626;5,26
Reis2010;Beach;0,32;0,091;1,648;5,2
Reis2010;Beach;0,28;0,092;1,826;5,26
Reis2010;Beach;0,25;0,093;2;5,31
Reis2010;Beach;0,26;0,097;1,938;5,54
Reis2010;Beach;0,27;0,097;1,905;5,54
Reis2010;Beach;0,25;0,088;2,029;5,03
Reis2010;Beach;0,25;0,087;2,029;4,97
Reis2010;Beach;0,27;0,085;1,9;4,86
Reis2010;Beach;0,27;0,084;1,868;4,8
Reis2010;Beach;0,29;0,084;1,811;4,8
Reis2010;Beach;0,28;0,08;1,826;4,57
Reis2010;Beach;0,31;0,079;1,69;4,52
Reis2010;Beach;0,34;0,082;1,548;4,69
Reis2010;Beach;0,38;0,081;1,415;4,63
Reis2010;Beach;0,39;0,085;1,358;4,86
Reis2010;Beach;0,4;0,087;1,336;4,97
Reis2010;Beach;0,37;0,088;1,442;5,03
Reis2010;Beach;0,23;0,079;2,127;4,52
Reis2010;Beach;0,24;0,078;2,071;4,46
Reis2010;Beach;0,32;0,075;1,626;4,29
Reis2010;Beach;0,39;0,069;1,362;3,95
Reis2010;Beach;0,45;0,065;1,168;3,72
Reis2010;Beach;0,48;0,07;1,065;4
Reis2010;Beach;0,37;0,062;1,438;3,55
Reis2010;Beach;0,35;0,065;1,523;3,72
Reis2010;Beach;0,29;0,063;1,776;3,6
Reis2010;Beach;0,3;0,063;1,761;3,6
Reis2010;Beach;0,3;0,064;1,723;3,66
Reis2010;Beach;0,26;0,071;1,921;4,06
Reis2010;Beach;0,25;0,067;2,029;3,83
Reis2010;Beach;0,21;0,066;2,286;3,78
Reis2010;Beach;0,22;0,06;2,198;3,43
Reis2010;Beach;0,25;0,058;1,989;3,32
Reis2010;Beach;0,25;0,06;1,989;3,43
Reis2010;Beach;0,27;0,06;1,905;3,43
Reis2010;Beach;0,3;0,058;1,737;3,32
Reis2010;Beach;0,3;0,052;1,737;2,98
Reis2010;Beach;0,35;0,047;1,498;2,69
Reis2010;Beach;0,37;0,044;1,45;2,52
Reis2010;Beach;0,42;0,048;1,265;2,75
Reis2010;Beach;0,23;0,052;2,139;2,98
Reis2010;Beach;0,27;0,05;1,868;2,86
Reis2010;Beach;0,27;0,047;1,884;2,69
Reis2010;Beach;0,26;0,046;1,949;2,63
Reis2010;Beach;0,16;0,047;2,653;2,69
Reis2010;Beach;0,14;0,037;2,826;2,12
Reis2010;Beach;0,19;0,039;2,388;2,23
Reis2010;Beach;0,23;0,041;2,102;2,35
Reis2010;Beach;0,23;0,04;2,139;2,29
Reis2010;Beach;0,23;0,039;2,139;2,23
Reis2010;Beach;0,22;0,036;2,158;2,06
Reis2010;Beach;0,21;0,034;2,265;1,95
Reis2010;Beach;0,23;0,033;2,102;1,89
Reis2010;Beach;0,26;0,035;1,921;2
Reis2010;Beach;0,29;0,033;1,781;1,89
Reis2010;Beach;0,33;0,039;1,586;2,23
Reis2010;Beach;0,2;0,026;2,308;1,49
Reis2010;Beach;0,23;0,026;2,127;1,49
McLean1969;Beach;0,32;0,11;1,648;6,3
McLean1969;Beach;0,35;0,09;1,535;5,15
McLean1969;Beach;0,35;0,086;1,535;4,94
McLean1969;Beach;0,34;0,07;1,54;4
McLean1969;Beach;0,4;0,064;1,333;3,68
McLean1969;Beach;0,42;0,066;1,248;3,79
McLean1969;Beach;0,42;0,07;1,269;4
McLean1969;Beach;0,4;0,074;1,315;4,21
McLean1969;Beach;0,39;0,08;1,347;4,58
McLean1969;Beach;0,41;0,079;1,283;4,54
McLean1969;Beach;0,38;0,089;1,385;5,09
McLean1969;Beach;0,42;0,097;1,245;5,52
McLean1969;Beach;0,43;0,107;1,204;6,11
McLean1969;Beach;0,52;0,055;0,943;3,13
McLean1969;Beach;0,48;0,07;1,05;4
McLean1969;Beach;0,44;0,071;1,175;4,07
McLean1969;Beach;0,47;0,076;1,092;4,32
McLean1969;Beach;0,49;0,076;1,035;4,34
McLean1969;Beach;0,46;0,079;1,111;4,54
McLean1969;Beach;0,47;0,086;1,095;4,92
McLean1969;Beach;0,45;0,086;1,158;4,9
McLean1969;Beach;0,43;0,086;1,228;4,92
McLean1969;Beach;0,46;0,088;1,111;5,03
McLean1969;Beach;0,45;0,09;1,158;5,13
McLean1969;Beach;0,49;0,088;1,041;5,03
McLean1969;Beach;0,5;0,089;0,989;5,07
McLean1969;Beach;0,52;0,081;0,943;4,64
McLean1969;Beach;0,54;0,081;0,878;4,64
McLean1969;Beach;0,55;0,071;0,873;4,07
McLean1969;Beach;0,52;0,089;0,938;5,07
McLean1969;Beach;0,51;0,112;0,977;6,37
McLean1969;Beach;0,48;0,125;1,053;7,14
McLean1969;Beach;0,46;0,132;1,117;7,55
McLean1969;Beach;0,52;0,145;0,932;8,25
McLean1969;Beach;0,74;0,059;0,429;3,37
McLean1969;Beach;0,75;0,071;0,407;4,07
McLean1969;Beach;0,72;0,071;0,472;4,07
McLean1969;Beach;0,66;0,072;0,61;4,13
McLean1969;Beach;0,62;0,071;0,68;4,07
McLean1969;Beach;0,6;0,071;0,744;4,07
McLean1969;Beach;0,69;0,076;0,542;4,37
McLean1969;Beach;0,68;0,08;0,559;4,58
McLean1969;Beach;0,67;0,083;0,58;4,75
McLean1969;Beach;0,62;0,085;0,687;4,88
McLean1969;Beach;0,61;0,089;0,704;5,09
McLean1969;Beach;0,59;0,088;0,773;5,05
McLean1969;Beach;0,59;0,097;0,773;5,52
McLean1969;Beach;0,6;0,101;0,73;5,78
McLean1969;Beach;0,57;0,115;0,806;6,54
McLean1969;Beach;0,64;0,102;0,646;5,82
McLean1969;Beach;0,64;0,107;0,639;6,1
McLean1969;Beach;0,68;0,107;0,561;6,1
McLean1969;Beach;0,67;0,111;0,582;6,31
McLean1969;Beach;0,67;0,098;0,586;5,61
McLean1969;Beach;0,63;0,096;0,671;5,5
McLean1969;Beach;0,69;0,093;0,544;5,33
McLean1969;Beach;0,71;0,088;0,5;5,01
McLean1969;Beach;0,76;0,085;0,398;4,88
McLean1969;Beach;0,78;0,075;0,36;4,29
McLean1969;Beach;0,88;0,075;0,178;4,29
McLean1969;Beach;0,89;0,079;0,173;4,54
McLean1969;Beach;0,85;0,08;0,236;4,56
McLean1969;Beach;0,89;0,088;0,173;5,03
McLean1969;Beach;0,77;0,094;0,377;5,35
McLean1969;Beach;0,84;0,107;0,26;6,12
McLean1969;Beach;0,84;0,103;0,26;5,91
McLean1969;Beach;0,81;0,106;0,308;6,04
McLean1969;Beach;0,76;0,115;0,388;6,55
McLean1969;Beach;0,82;0,123;0,293;7
McLean1969;Beach;0,85;0,131;0,24;7,47
McLean1969;Beach;0,9;0,131;0,154;7,49
McLean1969;Beach;0,85;0,194;0,228;10,99
McLean1969;Beach;1,09;0,13;-0,13;7,4
McLean1969;Beach;0,96;0,108;0,062;6,19
McLean1969;Beach;0,94;0,097;0,088;5,53
McLean1969;Beach;1;0,097;-0,003;5,53
McLean1969;Beach;1,06;0,106;-0,088;6,06
McLean1969;Beach;1,17;0,107;-0,223;6,1
McLean1969;Beach;1,04;0,111;-0,062;6,36
McLean1969;Beach;1;0,109;0,007;6,21
McLean1969;Beach;1,03;0,106;-0,04;6,06
McLean1969;Beach;1,01;0,103;-0,019;5,87
McLean1969;Beach;1,06;0,089;-0,079;5,08
McLean1969;Beach;1,02;0,086;-0,026;4,93
McLean1969;Beach;1,05;0,08;-0,064;4,59
McLean1969;Beach;1,65;0,052;-0,719;2,97
McLean1969;Beach;1,3;0,062;-0,381;3,52
McLean1969;Beach;1,46;0,068;-0,541;3,89
McLean1969;Beach;1,59;0,078;-0,669;4,44
McLean1969;Beach;1,45;0,076;-0,535;4,36
McLean1969;Beach;1,33;0,071;-0,413;4,04
McLean1969;Beach;1,25;0,068;-0,327;3,89
McLean1969;Beach;1,25;0,076;-0,327;4,33
McLean1969;Beach;1,28;0,088;-0,353;5,02
McLean1969;Beach;1,28;0,092;-0,352;5,27
McLean1969;Beach;1,23;0,088;-0,299;5,04
McLean1969;Beach;1,43;0,096;-0,513;5,51
McLean1969;Beach;1,57;0,099;-0,652;5,64
McLean1969;Beach;1,58;0,104;-0,662;5,94
McLean1969;Beach;1,54;0,106;-0,619;6,06
McLean1969;Beach;1,47;0,103;-0,555;5,87
McLean1969;Beach;1,49;0,107;-0,57;6,13
McLean1969;Beach;1,4;0,115;-0,484;6,55
McLean1969;Beach;1,35;0,117;-0,431;6,68
McLean1969;Beach;1,89;0,086;-0,915;4,94
McLean1969;Beach;1,89;0,09;-0,92;5,15
McLean1969;Beach;1,89;0,103;-0,919;5,87
McLean1969;Beach;1,93;0,121;-0,95;6,9
McLean1969;Beach;1,74;0,134;-0,8;7,64
McLean1969;Beach;1,76;0,138;-0,816;7,86
McLean1969;Beach;1,92;0,139;-0,939;7,92
McLean1969;Beach;12,09;0,432;-3,595;23,35
McLean1969;Beach;6,35;0,355;-2,667;19,54
McLean1969;Beach;4,98;0,313;-2,316;17,39
McLean1969;Beach;2,66;0,264;-1,413;14,78
McLean1969;Beach;5,96;0,268;-2,576;15
McLean1969;Beach;2,21;0,07;-1,141;4
McLean1969;Beach;2,16;0,076;-1,109;4,32
McLean1969;Beach;2,04;0,076;-1,029;4,34
McLean1969;Beach;2,03;0,091;-1,022;5,19
McLean1969;Beach;2,02;0,097;-1,011;5,53
McLean1969;Beach;2,28;0,082;-1,188;4,7
McLean1969;Beach;2,46;0,088;-1,301;5,05
McLean1969;Beach;2,77;0,089;-1,472;5,11
McLean1969;Beach;2,94;0,072;-1,554;4,13
McLean1969;Beach;3,7;0,079;-1,886;4,52
McLean1969;Beach;2,65;0,111;-1,407;6,35
McLean1969;Beach;2,32;0,106;-1,214;6,05
McLean1969;Beach;2,12;0,111;-1,085;6,35
McLean1969;Beach;2,17;0,115;-1,117;6,56
McLean1969;Beach;2,15;0,116;-1,101;6,64
McLean1969;Beach;2,15;0,122;-1,106;6,96
McLean1969;Beach;2,11;0,125;-1,079;7,11
McLean1969;Beach;2,06;0,124;-1,041;7,05
McLean1969;Beach;2;0,124;-0,999;7,07
McLean1969;Beach;1,99;0,129;-0,993;7,35
McLean1969;Beach;2,06;0,142;-1,041;8,07
McLean1969;Beach;1,98;0,147;-0,986;8,35
McLean1969;Beach;2,17;0,177;-1,118;10,06
McLean1969;Beach;2,65;0,159;-1,403;9,04
McLean1969;Beach;2,83;0,115;-1,503;6,56
McLean1969;Beach;2,66;0,12;-1,411;6,82
McLean1969;Beach;2,75;0,123;-1,459;6,99
McLean1969;Beach;2,6;0,12;-1,379;6,86
McLean1969;Beach;2,59;0,124;-1,374;7,09
McLean1969;Beach;2,43;0,129;-1,282;7,33
McLean1969;Beach;3,02;0,127;-1,593;7,27
McLean1969;Beach;3,22;0,117;-1,685;6,69
McLean1969;Beach;2,77;0,129;-1,47;7,35
McLean1969;Beach;2,77;0,134;-1,469;7,65
McLean1969;Beach;2,66;0,135;-1,41;7,67
McLean1969;Beach;2,61;0,131;-1,384;7,46
McLean1969;Beach;3,21;0,136;-1,683;7,76
McLean1969;Beach;2,8;0,174;-1,483;9,89
McLean1969;Beach;3,5;0,213;-1,807;12,03
McLean1969;Beach;3,32;0,21;-1,732;11,86
McLean1969;Beach;2,99;0,198;-1,578;11,19
McLean1969;Beach;3,08;0,194;-1,621;11
McLean1969;Beach;3,37;0,177;-1,751;10,06
McLean1969;Beach;3,92;0,175;-1,97;9,94
McLean1969;Beach;3,87;0,185;-1,954;10,49
McLean1969;Beach;4,88;0,094;-2,286;5,35
McLean1969;Beach;5,31;0,097;-2,41;5,54
McLean1969;Beach;4,63;0,106;-2,211;6,05
McLean1969;Beach;4,55;0,141;-2,187;8,02
McLean1969;Beach;4,74;0,143;-2,246;8,12
McLean1969;Beach;5,4;0,141;-2,433;8,04
McLean1969;Beach;5,55;0,129;-2,472;7,36
McLean1969;Beach;6,19;0,102;-2,629;5,84
McLean1969;Beach;3,35;0,097;-1,745;5,56
McLean1969;Beach;6,97;0,101;-2,8;5,78
McLean1969;Beach;7,53;0,096;-2,913;5,51
McLean1969;Beach;9,07;0,094;-3,181;5,36
McLean1969;Beach;4,43;0,199;-2,146;11,26
McLean1969;Beach;5,39;0,178;-2,431;10,11
McLean1969;Beach;6,51;0,194;-2,704;10,99
McLean1969;Beach;5,91;0,213;-2,563;12,03
McLean1969;Beach;6,02;0,221;-2,589;12,48
McLean1969;Beach;5,44;0,222;-2,444;12,54
McLean1969;Beach;6,02;0,23;-2,589;12,93
McLean1969;Beach;6,39;0,222;-2,675;12,5
McLean1969;Beach;6,88;0,217;-2,782;12,27
McLean1969;Beach;7,01;0,213;-2,809;12,03
McLean1969;Beach;7,83;0,24;-2,969;13,49
McLean1969;Beach;6,67;0,174;-2,737;9,86
McLean1969;Beach;6,1;0,159;-2,609;9,04
McLean1969;Beach;7,08;0,159;-2,824;9,05
McLean1969;Beach;7,56;0,185;-2,918;10,5
McLean1969;Beach;8,26;0,199;-3,046;11,27
McLean1969;Beach;8,17;0,191;-3,031;10,84
McLean1969;Beach;9,2;0,195;-3,202;11,01
McLean1969;Beach;9,9;0,209;-3,308;11,78
McLean1969;Beach;9,54;0,212;-3,254;11,99
McLean1969;Beach;10,23;0,237;-3,355;13,32
McLean1969;Beach;11,11;0,224;-3,473;12,61
McLean1969;Beach;12,19;0,213;-3,608;12,04
McLean1969;Beach;12,52;0,21;-3,646;11,87
McLean1969;Beach;15,01;0,211;-3,908;11,89
McLean1969;Beach;13,44;0,199;-3,748;11,27
McLean1969;Beach;13,55;0,181;-3,76;10,25
McLean1969;Beach;9,84;0,178;-3,299;10,07
McLean1969;Beach;8,29;0,119;-3,051;6,79
McLean1969;Beach;8,83;0,128;-3,142;7,32
McLean1969;Beach;9,2;0,115;-3,201;6,57
McLean1969;Beach;9,3;0,119;-3,217;6,79
McLean1969;Beach;9,83;0,123;-3,297;7,02
McLean1969;Beach;12,14;0,135;-3,602;7,71
McLean1969;Beach;12,61;0,124;-3,656;7,05
McLean1969;Beach;10,87;0,114;-3,443;6,51
McLean1969;Beach;11,67;0,101;-3,545;5,77
McLean1969;Beach;12,12;0,098;-3,599;5,57
McLean1969;Beach;12,26;0,092;-3,615;5,28
Boon1988;Beach;0,25;0,08;2;4,57
Boon1988;Beach;0,4;0,13;1,322;7,41
Boon1988;Beach;0,41;0,11;1,286;6,28
Boon1988;Beach;0,53;0,14;0,916;7,97
Boon1988;Beach;0,85;0,13;0,234;7,41
Boon1988;Beach;0,25;0,19;2;10,76
Boon1988;Beach;0,5;0,15;1;8,53
Boon1988;Beach;0,25;0,16;2;9,09
Boon1988;Beach;0,22;0,09;2,184;5,14
Boon1988;Beach;0,29;0,16;1,786;9,09
Firoozfar12014;Beach;0,5;0,107;0,989;6,12
Firoozfar12014;Beach;0,4;0,055;1,308;3,16
Firoozfar12014;Beach;0,2;0,048;2,308;2,72
Firoozfar12014;Beach;0,25;0,04;1,989;2,28
Firoozfar12014;Beach;0,2;0,038;2,293;2,2
Firoozfar12014;Beach;0,2;0,034;2,293;1,96
Firoozfar12014;Beach;0,26;0,033;1,971;1,9
Firoozfar12014;Beach;0,27;0,032;1,911;1,84
Firoozfar12014;Beach;0,25;0,031;2,029;1,78
Firoozfar12014;Beach;0,21;0,03;2,224;1,73
Firoozfar12014;Beach;0,18;0,027;2,49;1,56
Firoozfar12014;Beach;0,16;0,026;2,68;1,5
Firoozfar12014;Beach;0,15;0,024;2,786;1,36
Firoozfar12014;Beach;0,21;0,026;2,286;1,5
Firoozfar12014;Beach;0,21;0,026;2,224;1,49
Trindade2009;Beach;0,5;0,025;0,988;1,42
Trindade2009;Beach;0,55;0,029;0,858;1,65
Trindade2009;Beach;0,59;0,029;0,759;1,67
Trindade2009;Beach;0,58;0,045;0,784;2,6
Trindade2009;Beach;0,57;0,047;0,817;2,71
Trindade2009;Beach;0,49;0,045;1,029;2,6
Trindade2009;Beach;0,49;0,048;1,042;2,76
Trindade2009;Beach;0,49;0,049;1,039;2,8
Trindade2009;Beach;0,49;0,051;1,03;2,95
Trindade2009;Beach;0,47;0,047;1,078;2,68
Trindade2009;Beach;0,44;0,047;1,193;2,66
Trindade2009;Beach;0,43;0,041;1,22;2,36
Trindade2009;Beach;0,63;0,074;0,666;4,24
Trindade2009;Beach;0,61;0,109;0,723;6,23
Trindade2009;Beach;0,52;0,125;0,957;7,15
Trindade2009;Beach;0,54;0,103;0,882;5,85
Trindade2009;Beach;0,49;0,093;1,033;5,29
Trindade2009;Beach;0,43;0,101;1,217;5,75
Trindade2009;Beach;0,49;0,083;1,031;4,75
Trindade2009;Beach;0,5;0,071;1,001;4,05
Trindade2009;Beach;0,5;0,068;1,013;3,9
Trindade2009;Beach;0,52;0,063;0,948;3,58
Trindade2009;Beach;0,52;0,058;0,948;3,33
Trindade2009;Beach;0,5;0,056;1,01;3,19
Trindade2009;Beach;0,46;0,058;1,107;3,33
Trindade2009;Beach;0,45;0,055;1,148;3,12
Trindade2009;Beach;0,42;0,06;1,242;3,42
Trindade2009;Beach;0,4;0,057;1,312;3,27
Trindade2009;Beach;0,39;0,056;1,365;3,22
Trindade2009;Beach;0,35;0,054;1,524;3,07
Trindade2009;Beach;0,36;0,063;1,486;3,62
Trindade2009;Beach;0,36;0,077;1,462;4,41
Trindade2009;Beach;0,36;0,079;1,462;4,55
Trindade2009;Beach;0,43;0,069;1,225;3,96
Trindade2009;Beach;0,46;0,082;1,129;4,67
Trindade2009;Beach;0,42;0,08;1,25;4,55
Trindade2009;Beach;0,4;0,086;1,308;4,9
Trindade2009;Beach;0,39;0,086;1,37;4,89
Trindade2009;Beach;0,37;0,093;1,45;5,3
Trindade2009;Beach;0,36;0,095;1,489;5,42
Borzone2009;Beach;0,16;0,111;2,6;6,34
Borzone2009;Beach;0,15;0,095;2,7;5,44
Borzone2009;Beach;0,26;0,05;1,96;2,83
Borzone2009;Beach;0,19;0,047;2,42;2,68
Borzone2009;Beach;0,21;0,052;2,23;2,98
Borzone2009;Beach;0,19;0,041;2,37;2,36
Borzone2009;Beach;0,2;0,051;2,33;2,94
Borzone2009;Beach;0,17;0,036;2,57;2,07
Borzone2009;Beach;0,49;0,059;1,02;3,37
Borzone2009;Beach;0,48;0,052;1,06;2,98
Borzone2009;Beach;0,24;0,079;2,04;4,5
Borzone2009;Beach;0,28;0,086;1,86;4,93
Masselink2001;Beach;0,15;0,025;2,756;1,43
Masselink2001;Beach;0,24;0,037;2,077;2,12
Masselink2001;Beach;0,19;0,043;2,381;2,46
Masselink2001;Beach;0,15;0,045;2,756;2,58
Masselink2001;Beach;0,15;0,056;2,737;3,21
Masselink2001;Beach;0,2;0,055;2,344;3,15
Masselink2001;Beach;0,4;0,06;1,336;3,43
Masselink2001;Beach;0,19;0,069;2,419;3,95
Masselink2001;Beach;0,21;0,074;2,286;4,23
Masselink2001;Beach;0,21;0,071;2,238;4,06
Masselink2001;Beach;0,24;0,072;2,053;4,12
Masselink2001;Beach;0,22;0,083;2,158;4,74
Masselink2001;Beach;0,3;0,076;1,747;4,35
Masselink2001;Beach;0,37;0,083;1,423;4,74
Masselink2001;Beach;0,48;0,09;1,059;5,14
Masselink2001;Beach;0,37;0,102;1,438;5,82
Masselink2001;Beach;0,28;0,091;1,821;5,2
Masselink2001;Beach;0,27;0,092;1,894;5,26
Masselink2001;Beach;0,26;0,095;1,932;5,43
Masselink2001;Beach;0,22;0,091;2,158;5,2
Masselink2001;Beach;0,18;0,093;2,442;5,31
Masselink2001;Beach;0,16;0,106;2,608;6,05
Masselink2001;Beach;0,25;0,111;1,994;6,33
Masselink2001;Beach;0,38;0,115;1,385;6,56
Masselink2001;Beach;0,35;0,118;1,527;6,73
Masselink2001;Beach;0,35;0,135;1,515;7,69
Masselink2001;Beach;0,42;0,145;1,241;8,25
Masselink2001;Beach;0,36;0,151;1,49;8,59
Masselink2001;Beach;0,4;0,159;1,322;9,03
Masselink2001;Beach;0,68;0,158;0,563;8,98
Masselink2001;Beach;1,03;0,16;-0,038;9,09
Harris2011;Beach;0,09;0,017;3,46;0,99
Harris2011;Beach;0,1;0,017;3,392;0,98
Harris2011;Beach;0,14;0,016;2,858;0,89
Harris2011;Beach;0,18;0,012;2,486;0,71
Harris2011;Beach;0,22;0,015;2,202;0,87
Harris2011;Beach;0,15;0,018;2,703;1
Harris2011;Beach;0,2;0,018;2,331;1,03
Harris2011;Beach;0,21;0,017;2,243;0,95
Harris2011;Beach;0,31;0,015;1,674;0,86
Harris2011;Beach;0,27;0,019;1,878;1,07
Harris2011;Beach;0,23;0,022;2,101;1,24
Harris2011;Beach;0,23;0,022;2,142;1,26
Harris2011;Beach;0,17;0,023;2,521;1,32
Harris2011;Beach;0,18;0,027;2,474;1,55
Harris2011;Beach;0,17;0,029;2,555;1,66
Harris2011;Beach;0,16;0,028;2,636;1,59
Harris2011;Beach;0,41;0,017;1,283;1
Harris2011;Beach;0,34;0,022;1,574;1,24
Harris2011;Beach;0,3;0,022;1,756;1,28
Harris2011;Beach;0,24;0,023;2,047;1,33
Harris2011;Beach;0,34;0,023;1,554;1,34
Harris2011;Beach;0,28;0,025;1,845;1,42
Harris2011;Beach;0,27;0,025;1,899;1,42
Harris2011;Beach;0,28;0,026;1,831;1,47
Harris2011;Beach;0,27;0,027;1,906;1,57
Harris2011;Beach;0,25;0,028;2,014;1,59
Harris2011;Beach;0,23;0,028;2,102;1,61
Harris2011;Beach;0,22;0,03;2,197;1,74
Harris2011;Beach;0,22;0,033;2,177;1,89
Harris2011;Beach;0,21;0,033;2,251;1,91
Harris2011;Beach;0,19;0,035;2,373;1,98
Harris2011;Beach;0,2;0,039;2,319;2,21
Harris2011;Beach;0,2;0,043;2,319;2,49
Harris2011;Beach;0,21;0,047;2,272;2,69
Harris2011;Beach;0,19;0,056;2,36;3,19
Harris2011;Beach;0,22;0,05;2,164;2,86
Harris2011;Beach;0,22;0,049;2,177;2,8
Harris2011;Beach;0,22;0,043;2,191;2,49
Harris2011;Beach;0,23;0,04;2,15;2,28
Harris2011;Beach;0,23;0,04;2,136;2,26
Harris2011;Beach;0,22;0,038;2,177;2,2
Harris2011;Beach;0,22;0,036;2,217;2,07
Harris2011;Beach;0,24;0,032;2,041;1,86
Harris2011;Beach;0,25;0,032;2,021;1,86
Harris2011;Beach;0,26;0,031;1,96;1,79
Harris2011;Beach;0,25;0,031;1,994;1,75
Harris2011;Beach;0,25;0,029;1,98;1,67
Harris2011;Beach;0,29;0,029;1,764;1,68
Harris2011;Beach;0,24;0,039;2,062;2,21
Harris2011;Beach;0,25;0,038;2,028;2,2
Harris2011;Beach;0,25;0,037;1,994;2,13
Harris2011;Beach;0,25;0,036;2,014;2,06
Harris2011;Beach;0,27;0,033;1,913;1,87
Harris2011;Beach;0,27;0,033;1,886;1,87
Harris2011;Beach;0,28;0,032;1,832;1,84
Harris2011;Beach;0,2;0,091;2,314;5,21
Harris2011;Beach;0,2;0,081;2,293;4,64
Harris2011;Beach;0,27;0,077;1,867;4,41
Harris2011;Beach;0,27;0,072;1,887;4,14
Harris2011;Beach;0,26;0,07;1,948;3,98
Harris2011;Beach;0,25;0,07;1,975;4,03
Harris2011;Beach;0,26;0,065;1,928;3,75
Harris2011;Beach;0,24;0,055;2,056;3,15
Harris2011;Beach;0,25;0,053;2,015;3,01
Harris2011;Beach;0,25;0,05;1,975;2,88
Harris2011;Beach;0,25;0,048;2,002;2,75
Harris2011;Beach;0,28;0,111;1,834;6,33
Harris2011;Beach;0,31;0,1;1,685;5,73
Harris2011;Beach;0,35;0,1;1,53;5,7
Harris2011;Beach;0,34;0,1;1,543;5,7
Harris2011;Beach;0,34;0,092;1,536;5,24
Harris2011;Beach;0,35;0,091;1,509;5,21
Harris2011;Beach;0,3;0,083;1,719;4,76
Harris2011;Beach;0,33;0,072;1,617;4,14
Harris2011;Beach;0,29;0,072;1,786;4,1
Harris2011;Beach;0,29;0,067;1,786;3,81
Harris2011;Beach;0,31;0,061;1,677;3,5
Harris2011;Beach;0,32;0,061;1,657;3,46
Harris2011;Beach;0,28;0,059;1,84;3,39
Harris2011;Beach;0,29;0,058;1,786;3,29
Harris2011;Beach;0,3;0,058;1,738;3,33
Harris2011;Beach;0,31;0,059;1,698;3,35
Harris2011;Beach;0,3;0,056;1,731;3,18
Harris2011;Beach;0,28;0,054;1,833;3,08
Harris2011;Beach;0,27;0,051;1,907;2,94
Harris2011;Beach;0,27;0,051;1,887;2,91
Harris2011;Beach;0,28;0,049;1,839;2,8
Harris2011;Beach;0,3;0,053;1,758;3,01
Harris2011;Beach;0,3;0,051;1,745;2,94
Harris2011;Beach;0,3;0,05;1,738;2,88
Harris2011;Beach;0,32;0,055;1,63;3,17
Harris2011;Beach;0,26;0,037;1,92;2,11
Harris2011;Beach;0,27;0,038;1,886;2,16
Harris2011;Beach;0,28;0,038;1,846;2,2
Harris2011;Beach;0,27;0,041;1,886;2,34
Harris2011;Beach;0,28;0,045;1,819;2,6
Harris2011;Beach;0,29;0,045;1,778;2,6
Harris2011;Beach;0,29;0,043;1,785;2,49
Harris2011;Beach;0,3;0,043;1,758;2,46
Harris2011;Beach;0,3;0,044;1,738;2,5
Harris2011;Beach;0,3;0,042;1,724;2,39
Harris2011;Beach;0,29;0,042;1,765;2,39
Harris2011;Beach;0,29;0,041;1,805;2,35
Harris2011;Beach;0,3;0,038;1,737;2,2
Harris2011;Beach;0,3;0,035;1,737;2,01
Harris2011;Beach;0,36;0,03;1,46;1,72
Harris2011;Beach;0,4;0,031;1,338;1,76
Harris2011;Beach;0,34;0,038;1,541;2,2
Harris2011;Beach;0,35;0,043;1,535;2,49
Harris2011;Beach;0,32;0,043;1,629;2,49
Harris2011;Beach;0,31;0,045;1,684;2,6
Harris2011;Beach;0,34;0,047;1,562;2,69
Harris2011;Beach;0,35;0,053;1,528;3,01
Harris2011;Beach;0,46;0,026;1,108;1,48
Harris2011;Beach;0,5;0,03;1,006;1,71
Harris2011;Beach;0,47;0,033;1,074;1,9
Harris2011;Beach;0,5;0,036;0,987;2,09
Harris2011;Beach;0,46;0,039;1,115;2,22
Harris2011;Beach;0,45;0,042;1,142;2,42
Harris2011;Beach;0,37;0,049;1,44;2,78
Harris2011;Beach;0,39;0,048;1,359;2,72
Harris2011;Beach;0,4;0,046;1,305;2,65
Harris2011;Beach;0,4;0,05;1,305;2,88
Harris2011;Beach;0,39;0,052;1,346;2,99
Harris2011;Beach;0,4;0,056;1,319;3,18
Harris2011;Beach;0,39;0,056;1,373;3,18
Harris2011;Beach;0,37;0,052;1,44;2,96
Harris2011;Beach;0,36;0,059;1,461;3,37
Harris2011;Beach;0,71;0,035;0,486;2,01
Harris2011;Beach;0,36;0,069;1,461;3,94
Harris2011;Beach;0,4;0,065;1,312;3,72
Harris2011;Beach;0,42;0,067;1,265;3,81
Harris2011;Beach;0,48;0,065;1,062;3,72
Harris2011;Beach;0,59;0,072;0,758;4,09
Harris2011;Beach;0,64;0,072;0,643;4,09
Harris2011;Beach;0,68;0,077;0,549;4,43
Harris2011;Beach;0,66;0,088;0,61;5,03
Harris2011;Beach;0,6;0,091;0,745;5,18
Harris2011;Beach;0,59;0,088;0,772;5,03
Harris2011;Beach;0,54;0,088;0,894;5,01
Harris2011;Beach;0,42;0,071;1,252;4,07
Harris2011;Beach;0,43;0,075;1,218;4,28
Harris2011;Beach;0,45;0,073;1,144;4,19
Harris2011;Beach;0,45;0,081;1,137;4,6
Harris2011;Beach;0,44;0,083;1,171;4,76
Harris2011;Beach;0,4;0,083;1,34;4,76
Harris2011;Beach;0,46;0,092;1,131;5,24
Harris2011;Beach;0,31;0,126;1,686;7,16
Harris2011;Beach;0,37;0,2;1,43;11,32
Harris2011;Beach;0,47;0,173;1,078;9,81
Harris2011;Beach;0,42;0,142;1,246;8,08
Harris2011;Beach;0,43;0,125;1,219;7,11
Harris2011;Beach;0,46;0,116;1,111;6,62
Harris2011;Beach;0,46;0,112;1,131;6,37
Harris2011;Beach;0,45;0,11;1,165;6,29
Harris2011;Beach;0,45;0,101;1,165;5,79
Harris2011;Beach;0,51;0,109;0,962;6,22
Harris2011;Beach;0,53;0,095;0,921;5,44
Harris2011;Beach;0,56;0,104;0,847;5,95
Harris2011;Beach;0,6;0,117;0,725;6,65
Harris2011;Beach;0,6;0,125;0,739;7,15
Harris2011;Beach;0,61;0,144;0,705;8,17
Harris2011;Beach;0,86;0,2;0,219;11,3
Harris2011;Beach;0,79;0,154;0,347;8,73
Harris2011;Beach;0,89;0,167;0,172;9,48
Harris2011;Beach;0,98;0,125;0,022;7,11
Harris2011;Beach;1,01;0,123;-0,018;7,03
Harris2011;Beach;0,98;0,1;0,035;5,72
Harris2011;Beach;1,04;0,083;-0,053;4,73
Harris2011;Beach;1,45;0,107;-0,539;6,11
Harris2011;Beach;1,59;0,079;-0,669;4,49
McLachlan2005;Beach;1,41;0,039;-0,494;2,24
McLachlan2005;Beach;1,42;0,038;-0,506;2,15
McLachlan2005;Beach;0,64;0,117;0,652;6,66
McLachlan2005;Beach;0,43;0,147;1,232;8,35
McLachlan2005;Beach;0,25;0,2;2,023;11,32
McLachlan2005;Beach;0,27;0,139;1,913;7,9
McLachlan2005;Beach;0,31;0,129;1,703;7,33
McLachlan2005;Beach;0,31;0,124;1,675;7,09
McLachlan2005;Beach;0,47;0,101;1,102;5,77
McLachlan2005;Beach;0,5;0,097;0,987;5,52
McLachlan2005;Beach;0,53;0,082;0,926;4,7
McLachlan2005;Beach;0,49;0,077;1,022;4,39
McLachlan2005;Beach;0,61;0,075;0,703;4,29
McLachlan2005;Beach;0,71;0,069;0,491;3,95
McLachlan2005;Beach;0,77;0,067;0,38;3,83
McLachlan2005;Beach;0,73;0,062;0,447;3,54
McLachlan2005;Beach;0,85;0,043;0,234;2,45
McLachlan2005;Beach;0,63;0,047;0,676;2,67
McLachlan2005;Beach;0,55;0,046;0,865;2,63
McLachlan2005;Beach;0,49;0,058;1,023;3,31
McLachlan2005;Beach;0,35;0,103;1,522;5,9
McLachlan2005;Beach;0,36;0,091;1,474;5,22
McLachlan2005;Beach;0,22;0,118;2,155;6,73
McLachlan2005;Beach;0,25;0,101;2,021;5,76
McLachlan2005;Beach;0,27;0,096;1,886;5,47
McLachlan2005;Beach;0,34;0,085;1,561;4,86
McLachlan2005;Beach;0,35;0,076;1,525;4,35
McLachlan2005;Beach;0,36;0,068;1,488;3,89
McLachlan2005;Beach;0,36;0,063;1,465;3,62
McLachlan2005;Beach;0,43;0,057;1,22;3,25
McLachlan2005;Beach;0,47;0,055;1,099;3,14
McLachlan2005;Beach;0,4;0,056;1,339;3,18
McLachlan2005;Beach;0,37;0,053;1,426;3,05
McLachlan2005;Beach;0,4;0,041;1,316;2,35
McLachlan2005;Beach;0,34;0,047;1,557;2,71
McLachlan2005;Beach;0,3;0,082;1,736;4,72
McLachlan2005;Beach;0,3;0,075;1,723;4,3
McLachlan2005;Beach;0,31;0,069;1,693;3,92
McLachlan2005;Beach;0,29;0,07;1,776;4
McLachlan2005;Beach;0,32;0,062;1,646;3,58
McLachlan2005;Beach;0,2;0,102;2,311;5,84
McLachlan2005;Beach;0,16;0,118;2,66;6,71
McLachlan2005;Beach;0,23;0,081;2,126;4,63
McLachlan2005;Beach;0,2;0,075;2,311;4,28
McLachlan2005;Beach;0,25;0,072;1,995;4,11
McLachlan2005;Beach;0,25;0,069;1,982;3,95
McLachlan2005;Beach;0,26;0,066;1,969;3,8
McLachlan2005;Beach;0,28;0,063;1,861;3,62
McLachlan2005;Beach;0,24;0,06;2,055;3,43
McLachlan2005;Beach;0,28;0,056;1,811;3,18
McLachlan2005;Beach;0,27;0,054;1,884;3,07
McLachlan2005;Beach;0,21;0,055;2,22;3,15
McLachlan2005;Beach;0,24;0,049;2,076;2,83
McLachlan2005;Beach;0,28;0,048;1,862;2,73
McLachlan2005;Beach;0,28;0,043;1,838;2,46
McLachlan2005;Beach;0,3;0,041;1,739;2,36
McLachlan2005;Beach;0,33;0,039;1,6;2,21
McLachlan2005;Beach;0,29;0,039;1,806;2,23
McLachlan2005;Beach;0,27;0,039;1,897;2,22
McLachlan2005;Beach;0,26;0,043;1,931;2,47
McLachlan2005;Beach;0,22;0,046;2,155;2,64
McLachlan2005;Beach;0,25;0,042;2,013;2,39
McLachlan2005;Beach;0,25;0,039;1,999;2,23
McLachlan2005;Beach;0,23;0,041;2,102;2,36
McLachlan2005;Beach;0,23;0,039;2,102;2,24
McLachlan2005;Beach;0,26;0,034;1,956;1,95
McLachlan2005;Beach;0,3;0,032;1,738;1,86
McLachlan2005;Beach;0,33;0,029;1,597;1,64
McLachlan2005;Beach;0,36;0,029;1,489;1,65
McLachlan2005;Beach;0,42;0,026;1,265;1,46
McLachlan2005;Beach;0,16;0,069;2,688;3,92
McLachlan2005;Beach;0,11;0,077;3,231;4,4
McLachlan2005;Beach;0,13;0,064;2,96;3,66
McLachlan2005;Beach;0,14;0,055;2,818;3,14
McLachlan2005;Beach;0,14;0,05;2,788;2,87
McLachlan2005;Beach;0,16;0,055;2,617;3,15
McLachlan2005;Beach;0,19;0,054;2,398;3,07
McLachlan2005;Beach;0,19;0,049;2,375;2,79
McLachlan2005;Beach;0,2;0,044;2,345;2,55
McLachlan2005;Beach;0,2;0,039;2,305;2,25
McLachlan2005;Beach;0,17;0,045;2,549;2,55
McLachlan2005;Beach;0,16;0,043;2,638;2,47
McLachlan2005;Beach;0,19;0,042;2,425;2,38
McLachlan2005;Beach;0,21;0,034;2,258;1,94
McLachlan2005;Beach;0,23;0,032;2,134;1,81
McLachlan2005;Beach;0,24;0,032;2,038;1,84
McLachlan2005;Beach;0,27;0,029;1,892;1,69
McLachlan2005;Beach;0,28;0,03;1,815;1,73
McLachlan2005;Beach;0,29;0,027;1,779;1,54
McLachlan2005;Beach;0,32;0,024;1,646;1,4
McLachlan2005;Beach;0,34;0,023;1,539;1,31
McLachlan2005;Beach;0,38;0,021;1,408;1,22
McLachlan2005;Beach;0,33;0,022;1,614;1,27
McLachlan2005;Beach;0,29;0,024;1,764;1,4
McLachlan2005;Beach;0,27;0,026;1,878;1,5
McLachlan2005;Beach;0,28;0,023;1,84;1,33
McLachlan2005;Beach;0,31;0,02;1,681;1,14
McLachlan2005;Beach;0,44;0,016;1,192;0,9
McLachlan2005;Beach;0,14;0,043;2,847;2,45
McLachlan2005;Beach;0,15;0,037;2,694;2,14
McLachlan2005;Beach;0,17;0,034;2,549;1,97
McLachlan2005;Beach;0,19;0,031;2,418;1,8
McLachlan2005;Beach;0,2;0,03;2,312;1,73
McLachlan2005;Beach;0,19;0,03;2,42;1,72
McLachlan2005;Beach;0,1;0,038;3,31;2,2
McLachlan2005;Beach;0,15;0,035;2,778;1,98
McLachlan2005;Beach;0,16;0,032;2,647;1,85
McLachlan2005;Beach;0,15;0,032;2,707;1,81
McLachlan2005;Beach;0,16;0,029;2,622;1,67
McLachlan2005;Beach;0,18;0,026;2,453;1,51
McLachlan2005;Beach;0,19;0,026;2,371;1,48
McLachlan2005;Beach;0,21;0,025;2,256;1,41
McLachlan2005;Beach;0,22;0,026;2,17;1,48
McLachlan2005;Beach;0,23;0,029;2,108;1,67
McLachlan2005;Beach;0,24;0,025;2,056;1,46
McLachlan2005;Beach;0,26;0,023;1,934;1,3
McLachlan2005;Beach;0,14;0,026;2,868;1,48
McLachlan2005;Beach;0,14;0,028;2,795;1,61
McLachlan2005;Beach;0,16;0,026;2,65;1,48
McLachlan2005;Beach;0,17;0,023;2,542;1,34
McLachlan2005;Beach;0,22;0,02;2,177;1,16
McLachlan2005;Beach;0,24;0,02;2,08;1,12
McLachlan2005;Beach;0,24;0,018;2,04;1,04
McLachlan2005;Beach;0,26;0,018;1,954;1,04
McLachlan2005;Beach;0,3;0,017;1,738;1
McLachlan2005;Beach;0,33;0,015;1,603;0,87
McLachlan2005;Beach;0,3;0,016;1,725;0,91
McLachlan2005;Beach;0,28;0,016;1,818;0,91
McLachlan2005;Beach;0,26;0,015;1,92;0,89
McLachlan2005;Beach;0,25;0,015;1,982;0,87
McLachlan2005;Beach;0,23;0,015;2,095;0,86
McLachlan2005;Beach;0,24;0,013;2,048;0,74
McLachlan2005;Beach;0,32;0,012;1,629;0,71
McLachlan2005;Beach;0,21;0,037;2,273;2,14
Soares2003;Beach;0,37;0,2;1,434;11,31
Soares2003;Beach;0,42;0,143;1,252;8,13
Soares2003;Beach;0,61;0,143;0,713;8,13
Soares2003;Beach;0,43;0,125;1,218;7,13
Soares2003;Beach;0,28;0,111;1,837;6,34
Soares2003;Beach;0,31;0,1;1,69;5,71
Soares2003;Beach;0,59;0,071;0,761;4,09
Soares2003;Beach;0,29;0,067;1,786;3,81
Soares2003;Beach;0,3;0,05;1,737;2,86
Soares2003;Beach;0,31;0,045;1,69;2,6
Soares2003;Beach;0,18;0,027;2,474;1,55
Soares2003;Beach;0,45;0,125;1,152;7,13
Soares2003;Beach;0,72;0,125;0,474;7,13
Soares2003;Beach;0,4;0,1;1,322;5,71
Soares2003;Beach;0,36;0,083;1,474;4,76
Soares2003;Beach;0,42;0,083;1,252;4,76
Soares2003;Beach;0,47;0,077;1,089;4,4
Soares2003;Beach;0,34;0,077;1,556;4,4
Soares2003;Beach;0,35;0,077;1,515;4,4
Soares2003;Beach;0,42;0,067;1,252;3,81
Soares2003;Beach;0,22;0,029;2,184;1,68
Soares2003;Beach;0,43;0,111;1,218;6,34
Soares2003;Beach;0,41;0,077;1,286;4,4
Soares2003;Beach;0,29;0,067;1,786;3,81
Soares2003;Beach;0,36;0,056;1,474;3,18
Soares2003;Beach;0,27;0,043;1,889;2,49
Soares2003;Beach;0,2;0,033;2,322;1,91
Soares2003;Beach;0,15;0,029;2,737;1,64
Soares2003;Beach;0,15;0,025;2,737;1,43
Soares2003;Beach;0,15;0,023;2,737;1,3
Soares2003;Beach;0,13;0,018;2,943;1,04
Soares2003;Beach;0,9;0,083;0,152;4,76
Soares2003;Beach;0,53;0,083;0,916;4,76
Soares2003;Beach;0,27;0,077;1,889;4,4
Soares2003;Beach;0,23;0,05;2,12;2,86
Soares2003;Beach;0,33;0,045;1,599;2,6
Soares2003;Beach;0,23;0,04;2,12;2,29
Soares2003;Beach;0,24;0,038;2,059;2,2
Soares2003;Beach;0,24;0,037;2,059;2,12
Soares2003;Beach;0,28;0,036;1,837;2,05
Soares2003;Beach;0,23;0,031;2,12;1,79
Soares2003;Beach;0,23;0,023;2,12;1,33
Soares2003;Beach;0,6;0,125;0,737;7,13
Soares2003;Beach;0,31;0,1;1,69;5,71
Soares2003;Beach;0,2;0,091;2,322;5,19
Soares2003;Beach;0,35;0,091;1,515;5,19
Soares2003;Beach;0,28;0,059;1,837;3,37
Soares2003;Beach;0,29;0,043;1,786;2,49
Soares2003;Beach;0,2;0,038;2,322;2,2
Soares2003;Beach;0,15;0,037;2,737;2,12
Soares2003;Beach;0,25;0,03;2;1,74
Soares2003;Beach;0,16;0,028;2,644;1,59
Russo2014;Beach;1,5;0,143;-0,585;8,13
Gregory2015;Beach;13,7;0,12;-3,776;6,84
Gregory2015;Beach;17,9;0,17;-4,162;9,65
Lindley1987;Beach;1,06;0,141;-0,084;8,03
Lindley1987;Beach;2,17;0,118;-1,118;6,73
Lindley1987;Beach;0,86;0,122;0,218;6,96
Lindley1987;Beach;1,02;0,103;-0,029;5,88
Lindley1987;Beach;0,38;0,109;1,396;6,22
Mwakumanya2007;Beach;0,15;0,052;2,737;2,98
Mwakumanya2007;Beach;0,17;0,058;2,531;3,32
Mwakumanya2007;Beach;0,15;0,047;2,727;2,69
Mwakumanya2007;Beach;0,16;0,046;2,68;2,63
Mwakumanya2007;Beach;0,16;0,046;2,635;2,63
Mwakumanya2007;Beach;0,16;0,053;2,671;3,03
Mwakumanya2007;Beach;0,22;0,095;2,158;5,43
Mwakumanya2007;Beach;0,2;0,096;2,308;5,48
Mwakumanya2007;Beach;0,19;0,073;2,404;4,18
Sharma2016;Beach;0,54;0,087;0,899;4,96
Sharma2016;Beach;0,32;0,078;1,641;4,48
Sharma2016;Beach;0,52;0,056;0,942;3,18
Sharma2016;Beach;0,54;0,044;0,899;2,5
Sharma2016;Beach;0,58;0,025;0,783;1,43
Sharma2016;Beach;0,63;0,017;0,667;0,95
Sharma2016;Beach;0,47;0,015;1,1;0,84
Sharma2016;Beach;0,48;0,01;1,068;0,57
Sharma2016;Beach;0,45;0,03;1,138;1,7
Sharma2016;Beach;0,42;0,029;1,247;1,65
Sharma2016;Beach;0,45;0,023;1,16;1,31
Sharma2016;Beach;0,25;0,045;2,003;2,58
Sharma2016;Beach;0,31;0,038;1,689;2,16
Sharma2016;Beach;0,4;0,024;1,314;1,38
Sharma2016;Beach;0,38;0,024;1,39;1,37
Sharma2016;Beach;0,38;0,017;1,377;0,99
Sharma2016;Beach;0,35;0,016;1,514;0,91
Sharma2016;Beach;0,32;0,014;1,633;0,8
Sharma2016;Beach;0,2;0,033;2,316;1,87
Sharma2016;Beach;0,16;0,022;2,637;1,24
Sharma2016;Beach;0,16;0,019;2,606;1,06
Sharma2016;Beach;0,18;0,017;2,489;1
Sharma2016;Beach;0,21;0,013;2,243;0,75
Sharma2016;Beach;0,23;0,013;2,129;0,75
Sharma2016;Beach;0,25;0,015;2,013;0,84
Sharma2016;Beach;0,18;0,023;2,475;1,33
Sharma2016;Beach;0,2;0,021;2,354;1,19
Sharma2016;Beach;0,19;0,022;2,407;1,25
Sharma2016;Beach;0,2;0,022;2,316;1,25
Sharma2016;Beach;0,23;0,027;2,108;1,52
Sharma2016;Beach;0,23;0,026;2,097;1,46
Sharma2016;Beach;0,26;0,031;1,954;1,78
Sharma2016;Beach;0,31;0,03;1,705;1,71
Sharma2016;Beach;0,32;0,028;1,649;1,63
Sharma2016;Beach;0,23;0,023;2,14;1,3
Sharma2016;Beach;0,23;0,021;2,129;1,22
Sharma2016;Beach;0,22;0,019;2,185;1,11
Sharma2016;Beach;0,23;0,019;2,151;1,09
Sharma2016;Beach;0,22;0,018;2,163;1,05
Sharma2016;Beach;0,23;0,017;2,097;0,96
Sharma2016;Beach;0,25;0,017;2,024;0,99
Sharma2016;Beach;0,25;0,018;1,974;1
Sharma2016;Beach;0,24;0,019;2,065;1,1
Sharma2016;Beach;0,25;0,019;2,024;1,11
Sharma2016;Beach;0,25;0,019;1,974;1,1
Sharma2016;Beach;0,27;0,02;1,906;1,14
Sharma2016;Beach;0,29;0,019;1,798;1,1
Sharma2016;Beach;0,27;0,019;1,869;1,1
Sharma2016;Beach;0,29;0,017;1,763;0,99
Sharma2016;Beach;0,31;0,015;1,705;0,84
Sharma2016;Beach;0,25;0,023;2,013;1,31
Sharma2016;Beach;0,27;0,024;1,906;1,4
Sharma2016;Beach;0,29;0,025;1,798;1,43
Sharma2016;Beach;0,29;0,027;1,789;1,56
Sharma2016;Beach;0,31;0,025;1,705;1,45
Sharma2016;Beach;0,32;0,026;1,649;1,5
Sharma2016;Beach;0,32;0,026;1,633;1,46
Sharma2016;Beach;0,34;0,026;1,55;1,49
Sharma2016;Beach;0,32;0,024;1,641;1,36
Sharma2016;Beach;0,32;0,024;1,625;1,4
Sharma2016;Beach;0,32;0,022;1,641;1,24
Sharma2016;Beach;0,34;0,022;1,565;1,24
Sharma2016;Beach;0,34;0,017;1,55;0,98
Sharma2016;Beach;0,33;0,018;1,61;1,01
Sharma2016;Beach;0,32;0,019;1,641;1,08
Sharma2016;Beach;0,31;0,02;1,713;1,13
Sharma2016;Beach;0,3;0,02;1,755;1,15
Sharma2016;Beach;0,24;0,018;2,086;1,05
Karunarathna2012;Beach;16;0,17;-4;9,65
Karunarathna2012;Beach;0,35;0,07;1,515;4
McKay1992;Beach;68,59;0,53;-6,1;27,92
McKay1992;Beach;73,52;0,27;-6,2;15,11
McKay1992;Beach;64;0,28;-6;15,64
McKay1992;Beach;64;0,18;-6;10,2
McKay1992;Beach;84,45;0,83;-6,4;39,69
McKay1992;Beach;78,79;0,25;-6,3;14,04
McKay1992;Beach;68,59;0,19;-6,1;10,76
McKay1992;Beach;78,79;0,36;-6,3;19,8
McKay1992;Beach;103,97;0,23;-6,7;12,95
McKay1992;Beach;36,76;0,26;-5,2;14,57
McKay1992;Beach;51,98;0,07;-5,7;4
McKay1992;Beach;29,86;0,17;-4,9;9,65
McKay1992;Beach;16;0,18;-4;10,2
McKay1992;Beach;32;0,26;-5;14,57
McKay1992;Beach;18,38;0,2;-4,2;11,31
McKay1992;Beach;29,86;0,19;-4,9;10,76
McKay1992;Beach;32;0,18;-5;10,2
McKay1992;Beach;42,22;0,17;-5,4;9,65
McKay1992;Beach;29,86;0,11;-4,9;6,28
McKay1992;Beach;34,3;0,17;-5,1;9,65
McKay1992;Beach;42,22;0,17;-5,4;9,65
Souza2007;Beach;0,28;0,087;1,84;5
Souza2007;Beach;0,25;0,061;2,02;3,5
Souza2007;Beach;0,37;0,114;1,43;6,5
Souza2007;Beach;0,27;0,114;1,91;6,5
Souza2007;Beach;0,14;0,141;2,81;8
Souza2007;Beach;0,09;0,035;3,48;2
Souza2007;Beach;0,09;0,044;3,42;2,5
Souza2007;Beach;0,4;0,017;1,34;1
Souza2007;Beach;0,52;0,114;0,94;6,5
Souza2007;Beach;0,31;0,194;1,7;11
Souza2007;Beach;0,15;0,096;2,77;5,5
Souza2007;Beach;0,16;0,087;2,65;5
Souza2007;Beach;0,16;0,061;2,66;3,5
Souza2007;Beach;0,16;0,052;2,65;3
Souza2007;Beach;0,16;0,096;2,63;5,5
Souza2007;Beach;0,16;0,087;2,65;5
Souza2007;Beach;0,16;0,035;2,66;2
Wong1981;Beach;0,09;0,043;3,467;2,46
Wong1981;Beach;0,12;0,069;3,016;3,95
Wong1981;Beach;0,15;0,058;2,768;3,29
Wong1981;Beach;0,16;0,047;2,65;2,68
Wong1981;Beach;0,18;0,048;2,436;2,77
Wong1981;Beach;0,19;0,054;2,406;3,07
Wong1981;Beach;0,21;0,06;2,244;3,42
Wong1981;Beach;0,23;0,037;2,108;2,11
Wong1981;Beach;0,22;0,074;2,162;4,21
Wong1981;Beach;0,22;0,097;2,153;5,52
Wong1981;Beach;0,19;0,091;2,395;5,21
Wong1981;Beach;0,22;0,144;2,154;8,2
Wong1981;Beach;0,26;0,117;1,945;6,69
Wong1981;Beach;0,31;0,058;1,711;3,34
Wong1981;Beach;0,29;0,127;1,764;7,25
Wong1981;Beach;0,28;0,137;1,862;7,82
Wong1981;Beach;0,35;0,113;1,501;6,48
Wong1981;Beach;0,32;0,133;1,627;7,6
Wong1981;Beach;0,34;0,175;1,537;9,92
Wong1981;Beach;0,34;0,204;1,541;11,53
Wong1981;Beach;0,38;0,09;1,394;5,17
Wong1981;Beach;0,39;0,123;1,377;7,04
Wong1981;Beach;0,39;0,146;1,372;8,29
Wong1981;Beach;0,41;0,145;1,304;8,25
Wong1981;Beach;0,43;0,147;1,231;8,38
Wong1981;Beach;0,42;0,106;1,268;6,04
Wong1981;Beach;0,47;0,118;1,077;6,74
Wong1981;Beach;0,47;0,144;1,075;8,2
Wong1981;Beach;0,47;0,164;1,092;9,32
Wong1981;Beach;0,46;0,163;1,125;9,23
Wong1981;Beach;0,53;0,192;0,922;10,9
Wong1981;Beach;0,51;0,149;0,979;8,46
Wong1981;Beach;0,54;0,119;0,89;6,78
Wong1981;Beach;0,56;0,132;0,841;7,51
Wong1981;Beach;0,56;0,154;0,829;8,76
Wong1981;Beach;0,54;0,161;0,878;9,15
Wong1981;Beach;0,55;0,166;0,855;9,45
Wong1981;Beach;0,68;0,117;0,55;6,69
Wong1981;Beach;0,64;0,151;0,635;8,59
Wong1981;Beach;0,81;0,164;0,296;9,32
Wong1981;Beach;0,89;0,14;0,169;7,99
Wong1981;Beach;0,84;0,177;0,245;10,05
Wong1981;Beach;0,85;0,199;0,228;11,28
Wong1981;Beach;0,84;0,202;0,253;11,45
Anfuso2007;Beach;0,65;0,088;0,623;5,01
Anfuso2007;Beach;0,45;0,077;1,162;4,38
Anfuso2007;Beach;0,67;0,103;0,578;5,85
Anfuso2007;Beach;0,6;0,097;0,732;5,53
Anfuso2007;Beach;0,51;0,113;0,962;6,46
Anfuso2007;Beach;0,56;0,063;0,828;3,59
Anfuso2007;Beach;0,41;0,113;1,292;6,42
Anfuso2007;Beach;0,47;0,111;1,085;6,35
Anfuso2007;Beach;0,56;0,118;0,845;6,71
Anfuso2007;Beach;0,5;0,125;1,013;7,11
Anfuso2007;Beach;0,76;0,12;0,397;6,83
Anfuso2007;Beach;0,21;0,082;2,222;4,72
Anfuso2007;Beach;0,6;0,114;0,747;6,49
Anfuso2007;Beach;0,69;0,108;0,531;6,19
Anfuso2007;Beach;0,28;0,1;1,816;5,73
Anfuso2007;Beach;0,36;0,076;1,489;4,33
Anfuso2007;Beach;0,56;0,105;0,826;5,98
Dingler1981;Beach;1,57;0,044;-0,65;2,52
Dingler1981;Beach;1,41;0,15;-0,5;8,53
Dingler1981;Beach;1,74;0,1;-0,8;5,71
Dingler1981;Beach;2,64;0,13;-1,401;7,41
Dingler1981;Beach;1,52;0,147;-0,6;8,36
Dingler1981;Beach;1,74;0,127;-0,8;7,24
Dingler2002;Beach;0,32;0,037;1,645;2,14
Dingler2002;Beach;0,31;0,051;1,693;2,9
Dingler2002;Beach;0,34;0,057;1,571;3,23
Dingler2002;Beach;0,4;0,058;1,327;3,32
Dingler2002;Beach;0,55;0,081;0,872;4,62
Dingler2002;Beach;0,66;0,098;0,597;5,61
Dingler2002;Beach;0,54;0,105;0,889;6,02
Dingler2002;Beach;0,5;0,104;1,014;5,94
Dingler2002;Beach;0,39;0,123;1,357;6,99
Dingler2002;Beach;0,44;0,079;1,186;4,54
Dingler2002;Beach;0,42;0,089;1,244;5,09
Dingler2002;Beach;0,39;0,082;1,35;4,68
Dingler2002;Beach;0,38;0,086;1,384;4,91
Dingler2002;Beach;0,35;0,068;1,528;3,87
Dingler2002;Beach;0,33;0,079;1,603;4,54
Dingler2002;Beach;0,29;0,078;1,768;4,45
Dingler2002;Beach;0,98;0,149;0,023;8,47
Dingler2002;Beach;0,72;0,182;0,481;10,29
Fitzgerald2013;Beach;0,28;0,01;1,834;0,59
Fitzgerald2013;Beach;0,41;0,03;1,277;1,69
Fitzgerald2013;Beach;1,13;0,093;-0,18;5,31
Fitzgerald2013;Beach;1,71;0,086;-0,774;4,93
Fitzgerald2013;Beach;2,13;0,099;-1,094;5,66
Fitzgerald2013;Beach;2,32;0,116;-1,212;6,6
Fitzgerald2013;Beach;2,56;0,12;-1,354;6,86
Fitzgerald2013;Beach;1,61;0,148;-0,688;8,4
Fitzgerald2013;Beach;3,61;0,14;-1,852;7,99
Fitzgerald2013;Beach;3,96;0,117;-1,984;6,65
Fitzgerald2013;Beach;4,26;0,09;-2,092;5,14
Fitzgerald2013;Beach;4,33;0,085;-2,116;4,83
Fitzgerald2013;Beach;11,27;0,067;-3,494;3,83
Fitzgerald2013;Beach;29,52;0,057;-4,884;3,24
Fitzgerald2013;Beach;10,37;0,099;-3,374;5,67
Fitzgerald2013;Beach;27,59;0,109;-4,786;6,21
Fitzgerald2013;Beach;9,31;0,119;-3,218;6,78
Fitzgerald2013;Beach;20,67;0,131;-4,37;7,48
Fitzgerald2013;Beach;6,01;0,16;-2,587;9,09
Fitzgerald2013;Beach;8,55;0,19;-3,096;10,77
Fitzgerald2013;Beach;15,85;0,19;-3,987;10,78
Fitzgerald2013;Beach;48,24;0,142;-5,592;8,09
Fitzgerald2013;Beach;36,67;0,22;-5,197;12,4
Fitzgerald2013;Beach;36,94;0,249;-5,207;14,01
Perez-Alberti2012;Beach;600;0,149;-9,229;8,45
Perez-Alberti2012;Beach;650;0,133;-9,344;7,56
Perez-Alberti2012;Beach;590;0,212;-9,205;11,95
Perez-Alberti2012;Beach;635;0,227;-9,311;12,8
Perez-Alberti2012;Beach;685;0,168;-9,42;9,53
Perez-Alberti2012;Beach;695;0,18;-9,441;10,18
Perez-Alberti2012;Beach;500;0,26;-8,966;14,58
Almeida2014;Beach;50;0,21;-5,644;11,86
Almeida2014;Beach;3;0,11;-1,585;6,28
Almeida2014;Beach;16;0,11;-4;6,28
Lopez2016;Beach;9,31;0,086;-3,219;4,92
Lopez2016;Beach;1,73;0,1;-0,791;5,71
Lopez2016;Beach;31,94;0,19;-4,997;10,76
Lopez2016;Beach;14,45;0,22;-3,853;12,41
Lopez2016;Beach;26,91;0,16;-4,75;9,09
Yang2016;Beach;0,19;0,05;2,423;2,85
Yang2016;Beach;0,19;0,049;2,377;2,8
Yang2016;Beach;0,19;0,027;2,373;1,54
Yang2016;Beach;0,24;0,027;2,077;1,54
Yang2016;Beach;0,24;0,028;2,065;1,62
Yang2016;Beach;0,23;0,029;2,102;1,64
Yang2016;Beach;0,23;0,033;2,133;1,87
Yang2016;Beach;0,22;0,032;2,211;1,84
Yang2016;Beach;0,22;0,043;2,215;2,44
Yang2016;Beach;0,23;0,036;2,114;2,05
Yang2016;Beach;0,24;0,036;2,053;2,05
Yang2016;Beach;0,24;0,039;2,053;2,24
Yang2016;Beach;0,24;0,04;2,033;2,29
Yang2016;Beach;0,25;0,036;1,983;2,04
Yang2016;Beach;0,25;0,037;1,972;2,12
Yang2016;Beach;0,25;0,045;1,978;2,57
Yang2016;Beach;0,22;0,055;2,166;3,12
Yang2016;Beach;0,23;0,062;2,103;3,54
Yang2016;Beach;0,24;0,059;2,03;3,35
Yang2016;Beach;0,25;0,059;1,972;3,37
Yang2016;Beach;0,27;0,05;1,895;2,84
Yang2016;Beach;0,27;0,057;1,879;3,26
Yang2016;Beach;0,28;0,049;1,812;2,81
Yang2016;Beach;0,29;0,054;1,792;3,07
Yang2016;Beach;0,3;0,053;1,755;3,04
Yang2016;Beach;0,3;0,045;1,755;2,56
Yang2016;Beach;0,29;0,041;1,782;2,32
Yang2016;Beach;0,29;0,038;1,762;2,19
Yang2016;Beach;0,3;0,037;1,738;2,14
Yang2016;Beach;0,27;0,04;1,871;2,31
Yang2016;Beach;0,28;0,032;1,853;1,86
Yang2016;Beach;0,29;0,031;1,784;1,76
Yang2016;Beach;0,3;0,029;1,747;1,66
Yang2016;Beach;0,29;0,024;1,789;1,37
Yang2016;Beach;0,29;0,024;1,767;1,39
Yang2016;Beach;0,3;0,021;1,726;1,22
Yang2016;Beach;0,25;0,074;1,976;4,25
Yang2016;Beach;0,24;0,094;2,054;5,36
Yang2016;Beach;0,27;0,081;1,909;4,62
Yang2016;Beach;0,28;0,08;1,835;4,6
Yang2016;Beach;0,29;0,083;1,778;4,72
Yang2016;Beach;0,26;0,095;1,923;5,43
Yang2016;Beach;0,27;0,098;1,896;5,58
Yang2016;Beach;0,33;0,022;1,603;1,24
Yang2016;Beach;0,32;0,026;1,623;1,51
Yang2016;Beach;0,3;0,167;1,737;9,48
Yang2016;Beach;0,3;0,131;1,73;7,47
Yang2016;Beach;0,33;0,129;1,587;7,34
Yang2016;Beach;0,31;0,114;1,669;6,49
Yang2016;Beach;0,3;0,111;1,756;6,32
Yang2016;Beach;0,31;0,095;1,673;5,43
Yang2016;Beach;0,3;0,073;1,748;4,19
Yang2016;Beach;0,29;0,071;1,787;4,05
Yang2016;Beach;0,3;0,07;1,758;3,99
Yang2016;Beach;0,3;0,071;1,715;4,04
Yang2016;Beach;0,3;0,072;1,715;4,12
Yang2016;Beach;0,31;0,061;1,7;3,51
Yang2016;Beach;0,31;0,037;1,679;2,12
Yang2016;Beach;0,35;0,019;1,516;1,09
Yang2016;Beach;0,37;0,028;1,426;1,59
Yang2016;Beach;0,34;0,026;1,541;1,51
Yang2016;Beach;0,34;0,034;1,545;1,94
Yang2016;Beach;0,32;0,039;1,638;2,24
Yang2016;Beach;0,33;0,04;1,607;2,31
Yang2016;Beach;0,33;0,044;1,588;2,51
Yang2016;Beach;0,33;0,05;1,586;2,86
Yang2016;Beach;0,33;0,054;1,588;3,07
Yang2016;Beach;0,34;0,049;1,537;2,79
Yang2016;Beach;0,35;0,065;1,527;3,72
Yang2016;Beach;0,33;0,064;1,581;3,64
Yang2016;Beach;0,32;0,076;1,625;4,34
Yang2016;Beach;0,33;0,085;1,619;4,84
Yang2016;Beach;0,34;0,083;1,546;4,77
Yang2016;Beach;0,35;0,086;1,531;4,9
Yang2016;Beach;0,42;0,051;1,269;2,91
Yang2016;Beach;0,4;0,049;1,32;2,81
Yang2016;Beach;0,4;0,055;1,306;3,13
Yang2016;Beach;0,41;0,058;1,271;3,34
Yang2016;Beach;0,39;0,05;1,377;2,88
Yang2016;Beach;0,38;0,057;1,39;3,24
Yang2016;Beach;0,37;0,056;1,417;3,21
Yang2016;Beach;0,37;0,061;1,432;3,48
Yang2016;Beach;0,4;0,068;1,34;3,88
Yang2016;Beach;0,39;0,068;1,36;3,88
Yang2016;Beach;0,39;0,069;1,371;3,93
Yang2016;Beach;0,38;0,069;1,379;3,97
Yang2016;Beach;0,38;0,071;1,386;4,07
Yang2016;Beach;0,37;0,079;1,419;4,54
Yang2016;Beach;0,37;0,085;1,423;4,87
Yang2016;Beach;0,37;0,09;1,417;5,17
Yang2016;Beach;0,35;0,076;1,525;4,36
Yang2016;Beach;0,37;0,105;1,448;5,98
Yang2016;Beach;0,36;0,112;1,46;6,41
Yang2016;Beach;0,39;0,079;1,372;4,54
Yang2016;Beach;0,39;0,081;1,351;4,66
Yang2016;Beach;0,4;0,08;1,318;4,57
Yang2016;Beach;0,41;0,072;1,292;4,14
Yang2016;Beach;0,42;0,07;1,236;3,98
Yang2016;Beach;0,43;0,071;1,205;4,08
Yang2016;Beach;0,45;0,074;1,164;4,26
Yang2016;Beach;0,45;0,073;1,138;4,18
Yang2016;Beach;0,48;0,065;1,061;3,7
Yang2016;Beach;0,48;0,065;1,056;3,7
Yang2016;Beach;0,47;0,074;1,076;4,24
Yang2016;Beach;0,42;0,082;1,242;4,69
Yang2016;Beach;0,42;0,082;1,257;4,69
Yang2016;Beach;0,4;0,1;1,337;5,7
Yang2016;Beach;0,39;0,105;1,342;5,98
Yang2016;Beach;0,4;0,132;1,324;7,54
Yang2016;Beach;0,41;0,114;1,296;6,51
Yang2016;Beach;0,41;0,116;1,271;6,62
Yang2016;Beach;0,43;0,134;1,227;7,61
Yang2016;Beach;0,44;0,093;1,177;5,34
Yang2016;Beach;0,44;0,1;1,19;5,73
Yang2016;Beach;0,45;0,107;1,151;6,13
Yang2016;Beach;0,45;0,113;1,158;6,46
Yang2016;Beach;0,44;0,114;1,19;6,51
Yang2016;Beach;0,44;0,118;1,182;6,76
Yang2016;Beach;0,51;0,074;0,964;4,21
Yang2016;Beach;0,52;0,079;0,932;4,51
Yang2016;Beach;0,54;0,081;0,883;4,61
Yang2016;Beach;0,55;0,087;0,873;4,99
Yang2016;Beach;0,52;0,091;0,944;5,21
Yang2016;Beach;0,53;0,1;0,916;5,74
Yang2016;Beach;0,5;0,102;1,001;5,85
Yang2016;Beach;0,49;0,101;1,039;5,77
Yang2016;Beach;0,57;0,116;0,8;6,63
Yang2016;Beach;0,53;0,115;0,922;6,56
Yang2016;Beach;0,59;0,133;0,771;7,58
Yang2016;Beach;0,53;0,123;0,927;7,02
Yang2016;Beach;0,53;0,131;0,91;7,45
Yang2016;Beach;0,51;0,128;0,975;7,27
Yang2016;Beach;0,49;0,125;1,017;7,14
Yang2016;Beach;0,49;0,121;1,029;6,89
Yang2016;Beach;0,49;0,12;1,032;6,84
Yang2016;Beach;0,47;0,122;1,089;6,96
Yang2016;Beach;0,46;0,125;1,135;7,14
Yang2016;Beach;0,46;0,128;1,135;7,28
Yang2016;Beach;0,47;0,13;1,098;7,42
Yang2016;Beach;0,48;0,128;1,067;7,3
Yang2016;Beach;0,49;0,139;1,042;7,92
Yang2016;Beach;0,47;0,141;1,08;8,01
Yang2016;Beach;0,47;0,141;1,084;8,04
Yang2016;Beach;0,49;0,135;1,017;7,68
Yang2016;Beach;0,5;0,135;1,008;7,66
Yang2016;Beach;0,5;0,135;0,988;7,66
Yang2016;Beach;0,49;0,145;1,026;8,24
Yang2016;Beach;0,51;0,15;0,969;8,53
Yang2016;Beach;0,52;0,155;0,953;8,79
Yang2016;Beach;0,53;0,154;0,927;8,76
Yang2016;Beach;0,54;0,158;0,886;8,99
Yang2016;Beach;0,55;0,158;0,859;8,99
Yang2016;Beach;0,57;0,155;0,811;8,79
Yang2016;Beach;0,57;0,144;0,801;8,21
Yang2016;Beach;0,51;0,17;0,972;9,62
Kirk1980;Beach;2,6;0,09;-1,379;5,14
Kirk1980;Beach;9,2;0,14;-3,202;7,97
Carr1969;Beach;39,1;0,182;-5,289;10,32
Carr1969;Beach;37,6;0,176;-5,233;9,97
Carr1969;Beach;33,9;0,174;-5,083;9,85
Carr1969;Beach;29,7;0,172;-4,892;9,76
Carr1969;Beach;25,6;0,177;-4,678;10,02
Carr1969;Beach;26,5;0,158;-4,728;8,96
Carr1969;Beach;23,8;0,167;-4,573;9,45
Carr1969;Beach;20,5;0,165;-4,358;9,34
Carr1969;Beach;19,1;0,163;-4,256;9,24
Carr1969;Beach;17,3;0,145;-4,113;8,27
Carr1969;Beach;16;0,161;-4;9,14
Carr1969;Beach;16,7;0,16;-4,062;9,06
Carr1969;Beach;14,5;0,151;-3,858;8,57
Carr1969;Beach;11,1;0,122;-3,472;6,96
Carr1969;Beach;13,2;0,132;-3,722;7,51
Carr1969;Beach;7,1;0,15;-2,828;8,55
Carr1969;Beach;8,9;0,118;-3,154;6,72
Dubois1972;Beach;0,36;0,177;1,469;10,02
Dubois1972;Beach;0,36;0,141;1,475;8,02
Dubois1972;Beach;0,35;0,176;1,5;10
Dubois1972;Beach;0,34;0,176;1,548;10
Dubois1972;Beach;0,34;0,141;1,547;8,02
Dubois1972;Beach;0,31;0,129;1,67;7,34
Dubois1972;Beach;0,32;0,141;1,63;8
Dubois1972;Beach;0,33;0,159;1,608;9,02
Dubois1972;Beach;0,31;0,15;1,681;8,51
Dubois1972;Beach;0,31;0,156;1,678;8,85
Dubois1972;Beach;0,31;0,16;1,699;9,06
Dubois1972;Beach;0,3;0,15;1,74;8,52
Dubois1972;Beach;0,31;0,176;1,671;10
Dubois1972;Beach;0,32;0,176;1,66;9,96
Dubois1972;Beach;0,32;0,186;1,631;10,51
Dubois1972;Beach;0,33;0,186;1,618;10,53
Dubois1972;Beach;0,33;0,194;1,598;11
Dubois1972;Beach;0,33;0,195;1,619;11,02
Dubois1972;Beach;0,32;0,195;1,65;11,02
Dubois1972;Beach;0,27;0,15;1,902;8,54
Dubois1972;Beach;0,29;0,176;1,773;9,99
Dubois1972;Beach;0,3;0,176;1,761;9,99
Dubois1972;Beach;0,29;0,191;1,78;10,79
Dubois1972;Beach;0,29;0,185;1,809;10,5
Dubois1972;Beach;0,27;0,182;1,892;10,3
Dubois1972;Beach;0,28;0,185;1,861;10,46
Dubois1972;Beach;0,28;0,185;1,861;10,48
Dubois1972;Beach;0,27;0,195;1,87;11,05
Dubois1972;Beach;0,28;0,2;1,827;11,32
Dubois1972;Beach;0,26;0,218;1,942;12,32
Dubois1972;Beach;0,25;0,213;2,012;12,05
Dubois1972;Beach;0,23;0,213;2,131;12,01
Dubois1972;Beach;0,2;0,232;2,353;13,06
Dubois1972;Beach;0,17;0,213;2,534;12,04
Sammut2017;Beach;49,32;0,207;-5,624;11,72
Sammut2017;Beach;46,22;0,199;-5,53;11,24
Sammut2017;Beach;46,31;0,193;-5,533;10,95
Sammut2017;Beach;45,42;0,148;-5,505;8,4
Sammut2017;Beach;38,83;0,151;-5,279;8,6
Sammut2017;Beach;53,7;0,123;-5,747;7
Sammut2017;Beach;40,79;0,156;-5,35;8,89
Sammut2017;Beach;32,65;0,119;-5,029;6,78
Sammut2017;Beach;37,75;0,141;-5,238;8,01
Sammut2017;Beach;26,41;0,069;-4,723;3,96
Sammut2017;Beach;24,16;0,056;-4,595;3,22
Sammut2017;Beach;27,26;0,062;-4,769;3,52
Xia2011;Beach;9,4;0,085;-3,233;4,86
Xia2011;Beach;11,2;0,09;-3,485;5,14
Matila1988;Beach;10;0,397;-3,322;21,64
Matila1988;Beach;10;0,33;-3,322;18,28
Matila1988;Beach;17;0,281;-4,087;15,68
Matila1988;Beach;33,8;0,488;-5,079;26,01
Ruggiero1998;Beach;0,18;0,02;2,474;1,15
Ruggiero1998;Beach;0,5;0,1;1;5,71
Ruggiero1998;Beach;0,26;0,03;1,943;1,72
Ruggiero1999;Beach;0,11;0,014;3,132;0,81
Ruggiero1999;Beach;0,12;0,013;3,073;0,74
Ruggiero1999;Beach;0,13;0,011;2,998;0,66
Ruggiero1999;Beach;0,13;0,013;2,893;0,74
Ruggiero1999;Beach;0,14;0,016;2,826;0,92
Ruggiero1999;Beach;0,14;0,014;2,876;0,81
Ruggiero1999;Beach;0,13;0,014;2,927;0,78
Ruggiero1999;Beach;0,15;0,013;2,779;0,74
Ruggiero1999;Beach;0,13;0,013;2,98;0,74
Ruggiero1999;Beach;0,15;0,015;2,779;0,85
Ruggiero1999;Beach;0,17;0,013;2,548;0,75
Ruggiero1999;Beach;0,28;0,024;1,852;1,36
Ruggiero1999;Beach;0,41;0,042;1,304;2,41
Ruggiero1999;Beach;0,22;0,043;2,153;2,47
Ruggiero1999;Beach;0,23;0,025;2,094;1,44
Ruggiero1999;Beach;0,18;0,054;2,482;3,08
Ruggiero1999;Beach;0,2;0,025;2,326;1,43
Ruggiero1999;Beach;0,17;0,017;2,534;0,98
Ruggiero1999;Beach;0,14;0,015;2,794;0,87
Ruggiero1999;Beach;0,15;0,014;2,732;0,79
Ruggiero1999;Beach;0,17;0,041;2,588;2,36
Ruggiero1999;Beach;0,16;0,039;2,616;2,25
Ruggiero1999;Beach;0,16;0,037;2,616;2,12
Ruggiero1999;Beach;0,16;0,028;2,63;1,62
Ruggiero1999;Beach;0,17;0,018;2,548;1,03
Ruggiero1999;Beach;0,18;0,021;2,495;1,21
Ruggiero1999;Beach;0,17;0,022;2,521;1,27
Ruggiero1999;Beach;0,19;0,019;2,432;1,09
Ruggiero1999;Beach;0,19;0,02;2,372;1,14
Ruggiero1999;Beach;0,17;0,018;2,521;1,03
Ruggiero1999;Beach;0,2;0,019;2,337;1,08
Ruggiero1999;Beach;0,18;0,019;2,457;1,1
Ruggiero1999;Beach;0,22;0,019;2,153;1,09
Ruggiero1999;Beach;0,22;0,02;2,174;1,16
Ruggiero1999;Beach;0,2;0,02;2,349;1,16
Ruggiero1999;Beach;0,19;0,017;2,396;0,98
Ruggiero1999;Beach;0,21;0,025;2,259;1,43
Ruggiero1999;Beach;0,19;0,034;2,384;1,95
Ruggiero1999;Beach;0,18;0,025;2,508;1,45
Ruggiero1999;Beach;0,15;0,028;2,702;1,61
Ruggiero1999;Beach;0,16;0,022;2,644;1,28
Ruggiero1999;Beach;0,15;0,018;2,732;1,04
Ruggiero1999;Beach;0,13;0,012;2,91;0,69
Ruggiero1999;Beach;0,85;0,063;0,229;3,6
Bascom1951;Beach;0,82;0,2;0,288;11,31
Bascom1951;Beach;0,8;0,18;0,327;10,2
Bascom1951;Beach;0,71;0,131;0,498;7,46
Bascom1951;Beach;0,62;0,141;0,69;8,03
Bascom1951;Beach;0,56;0,14;0,839;7,97
Bascom1951;Beach;0,65;0,123;0,621;7,01
Bascom1951;Beach;0,61;0,114;0,713;6,5
Bascom1951;Beach;0,52;0,116;0,941;6,62
Bascom1951;Beach;0,53;0,089;0,916;5,09
Bascom1951;Beach;0,46;0,082;1,123;4,69
Bascom1951;Beach;0,38;0,081;1,392;4,64
Bascom1951;Beach;0,35;0,077;1,515;4,4
Bascom1951;Beach;0,46;0,064;1,123;3,66
Bascom1951;Beach;0,35;0,043;1,531;2,46
Bascom1951;Beach;0,31;0,042;1,676;2,42
Bascom1951;Beach;0,28;0,043;1,816;2,43
Bascom1951;Beach;0,19;0,034;2,373;1,92
Bascom1951;Beach;0,3;0,028;1,751;1,63
Bascom1951;Beach;0,25;0,029;1,994;1,63
Bascom1951;Beach;0,28;0,025;1,857;1,43
Bascom1951;Beach;0,22;0,025;2,158;1,43
Bascom1951;Beach;0,27;0,022;1,905;1,27
Bascom1951;Beach;0,17;0,025;2,582;1,41
Bascom1951;Beach;0,23;0,02;2,133;1,15
Bascom1951;Beach;0,23;0,016;2,12;0,89
Bascom1951;Beach;0,21;0,014;2,272;0,83
Bascom1951;Beach;0,2;0,012;2,3;0,7
Bascom1951;Beach;0,18;0,012;2,442;0,7
Bascom1951;Beach;0,19;0,011;2,419;0,64
Bascom1951;Beach;0,17;0,011;2,582;0,64
Poate2009;Beach;0,35;0,012;1,515;0,69
Poate2009;Beach;0,38;0,015;1,396;0,86
Poate2009;Beach;0,25;0,013;2;0,74
Jackson2005;Beach;0,14;0,014;2,837;0,8
Jackson2005;Beach;0,18;0,022;2,474;1,25
Jackson2005;Beach;0,21;0,02;2,252;1,16
Jackson2005;Beach;0,14;0,013;2,837;0,77
Jackson2005;Beach;0,23;0,045;2,12;2,55
Jackson2005;Beach;0,19;0,038;2,396;2,15
Jackson2005;Beach;0,16;0,019;2,671;1,11
Jackson2005;Beach;0,17;0,021;2,591;1,23
Jackson2005;Beach;0,16;0,025;2,671;1,41
Jackson2005;Beach;0,19;0,032;2,427;1,83
Jackson2005;Beach;0,2;0,035;2,344;2,02
Jackson2005;Beach;0,28;0,033;1,837;1,88
Jackson2005;Beach;0,23;0,035;2,127;2
Jackson2005;Beach;0,63;0,082;0,657;4,7
Jackson2005;Beach;0,4;0,104;1,333;5,92
Jackson2005;Beach;0,17;0,034;2,565;1,95
Jackson2005;Beach;0,22;0,064;2,198;3,66
Jackson2005;Beach;0,25;0,052;2,012;2,99
Jackson2005;Beach;0,14;0,018;2,826;1,05
Jackson2005;Beach;0,17;0,028;2,556;1,6
Jackson2005;Beach;0,29;0,034;1,806;1,93
Jackson2005;Beach;0,14;0,009;2,868;0,5
Jackson2005;Beach;0,15;0,01;2,737;0,54
Jackson2005;Beach;0,23;0,051;2,102;2,93
Jackson2005;Beach;0,21;0,016;2,224;0,92
Zentner2009;Ridge;181;0,32;-7,5;17,74
Zentner2009;Ridge;171;0,36;-7,418;19,8
Zentner2009;Ridge;173;0,45;-7,435;24,23
Zentner2009;Ridge;199;0,4;-7,637;21,8
Zentner2009;Ridge;207;0,28;-7,693;15,64
Zentner2009;Ridge;189;0,16;-7,562;9,09
Zentner2009;Ridge;137;0,32;-7,098;17,74
Zentner2009;Ridge;100;0,23;-6,644;12,95
Zentner2009;Ridge;299;0,47;-8,224;25,17
Zentner2009;Ridge;234;0,21;-7,87;11,86
Zentner2009;Ridge;307;0,47;-8,262;25,17
Zentner2009;Ridge;229;0,44;-7,839;23,75
Zentner2009;Ridge;199;0,27;-7,637;15,11
Zentner2009;Ridge;77;0,47;-6,267;25,17
Zentner2009;Ridge;83;0,42;-6,375;22,78
Zentner2009;Ridge;100;0,23;-6,644;12,95
Zentner2009;Ridge;132;0,45;-7,044;24,23
Zentner2009;Ridge;87;0,31;-6,443;17,22
Zentner2009;Ridge;184;0,29;-7,524;16,17
Zentner2009;Ridge;168;0,21;-7,392;11,86
Zentner2009;Ridge;283;0,16;-8,145;9,09
Zentner2009;Ridge;258;0,15;-8,011;8,53
Zentner2009;Ridge;189;0,31;-7,562;17,22
Zentner2009;Ridge;192;0,36;-7,585;19,8
Jahn2014;Beach;167;0,17;-7,384;9,65
Jahn2014;Beach;127;0,16;-6,989;9,09
Jahn2014;Beach;269;0,25;-8,071;14,04
Jahn2014;Ridge;43;0,16;-5,426;9,09
Jahn2014;Ridge;38;0,11;-5,248;6,28
Jahn2014;Ridge;51;0,08;-5,672;4,57
Jahn2014;Ridge;307;0,45;-8,262;24,23
Jahn2014;Ridge;145;0,31;-7,18;17,22
Jahn2014;Ridge;112;0,11;-6,807;6,28
Jahn2014;Ridge;240;0,23;-7,907;12,95
Jahn2014;Ridge;305;0,33;-8,253;18,26
Jahn2014;Ridge;136;0,13;-7,087;7,41
Jahn2014;Ridge;52;0,52;-5,7;27,47
Jahn2014;Ridge;41;0,19;-5,358;10,76
Jahn2014;Ridge;283;0,45;-8,145;24,23
Jahn2014;Ridge;251;0,47;-7,972;25,17
Jahn2014;Ridge;153;0,38;-7,257;20,81
Jahn2014;Ridge;45;0,26;-5,492;14,57
Jahn2014;Ridge;57;0,38;-5,833;20,81
Jahn2014;Ridge;140;0,2;-7,129;11,31
Jahn2014;Ridge;222;0,23;-7,794;12,95
Jahn2014;Ridge;144;0,36;-7,17;19,8
Jahn2014;Ridge;158;0,27;-7,304;15,11
Jahn2014;Ridge;102;0,19;-6,672;10,76
Jahn2014;Ridge;74;0,29;-6,209;16,17
Jahn2014;Ridge;72;0,27;-6,17;15,11
Jahn2014;Ridge;70;0,25;-6,129;14,04
Jahn2014;Ridge;72;0,21;-6,17;11,86
Abdollahi-Nasab2014;Beach;5,5;0,092;-2,459;5,24
Abdollahi-Nasab2014;Beach;6,8;0,116;-2,766;6,62
Oak1981;Beach;481,7;0,145;-8,912;8,25
Oak1981;Beach;730,63;0,126;-9,513;7,17
Oak1981;Beach;290,02;0,174;-8,18;9,87
Oak1981;Beach;401,43;0,103;-8,649;5,89
Oak1981;Beach;770,15;0,12;-9,589;6,87
Oak1981;Beach;509,88;0,149;-8,994;8,49
Oak1981;Beach;509,88;0,175;-8,994;9,95
Oak1981;Beach;239,02;0,167;-7,901;9,46
Oak1981;Beach;479,04;0,183;-8,904;10,4
Oak1981;Beach;570,07;0,137;-9,155;7,8
Oak1981;Beach;538,57;0,131;-9,073;7,45
Oak1981;Beach;450,07;0,208;-8,814;11,77
Oak1981;Beach;210,4;0,206;-7,717;11,65
Oak1981;Beach;360,79;0,15;-8,495;8,55
Oak1981;Beach;578,43;0,152;-9,176;8,62
U.S.ArmyEngineerWaterways1984;Beach;0,07;0,011;3,855;0,65
U.S.ArmyEngineerWaterways1984;Beach;0,09;0,011;3,507;0,64
U.S.ArmyEngineerWaterways1984;Beach;0,09;0,014;3,506;0,82
U.S.ArmyEngineerWaterways1984;Beach;0,12;0,028;3,103;1,59
U.S.ArmyEngineerWaterways1984;Beach;0,16;0,015;2,63;0,86
U.S.ArmyEngineerWaterways1984;Beach;0,17;0,026;2,558;1,47
U.S.ArmyEngineerWaterways1984;Beach;0,18;0,046;2,504;2,64
U.S.ArmyEngineerWaterways1984;Beach;0,16;0,055;2,685;3,14
U.S.ArmyEngineerWaterways1984;Beach;0,17;0,073;2,54;4,16
U.S.ArmyEngineerWaterways1984;Beach;0,19;0,008;2,402;0,46
U.S.ArmyEngineerWaterways1984;Beach;0,18;0,014;2,465;0,82
U.S.ArmyEngineerWaterways1984;Beach;0,19;0,024;2,425;1,39
U.S.ArmyEngineerWaterways1984;Beach;0,18;0,035;2,454;2,03
U.S.ArmyEngineerWaterways1984;Beach;0,2;0,01;2,322;0,57
U.S.ArmyEngineerWaterways1984;Beach;0,2;0,015;2,35;0,85
U.S.ArmyEngineerWaterways1984;Beach;0,2;0,024;2,349;1,38
U.S.ArmyEngineerWaterways1984;Beach;0,2;0,038;2,353;2,2
U.S.ArmyEngineerWaterways1984;Beach;0,21;0,02;2,23;1,13
U.S.ArmyEngineerWaterways1984;Beach;0,22;0,013;2,205;0,74
U.S.ArmyEngineerWaterways1984;Beach;0,23;0,013;2,139;0,73
U.S.ArmyEngineerWaterways1984;Beach;0,23;0,02;2,143;1,12
U.S.ArmyEngineerWaterways1984;Beach;0,23;0,018;2,119;1,05
U.S.ArmyEngineerWaterways1984;Beach;0,23;0,026;2,115;1,48
U.S.ArmyEngineerWaterways1984;Beach;0,24;0,033;2,08;1,9
U.S.ArmyEngineerWaterways1984;Beach;0,22;0,038;2,167;2,16
U.S.ArmyEngineerWaterways1984;Beach;0,21;0,044;2,268;2,52
U.S.ArmyEngineerWaterways1984;Beach;0,21;0,053;2,272;3,01
U.S.ArmyEngineerWaterways1984;Beach;0,21;0,06;2,276;3,44
U.S.ArmyEngineerWaterways1984;Beach;0,2;0,058;2,343;3,3
U.S.ArmyEngineerWaterways1984;Beach;0,2;0,069;2,338;3,94
U.S.ArmyEngineerWaterways1984;Beach;0,21;0,089;2,27;5,07
U.S.ArmyEngineerWaterways1984;Beach;0,22;0,081;2,206;4,64
U.S.ArmyEngineerWaterways1984;Beach;0,22;0,067;2,198;3,86
U.S.ArmyEngineerWaterways1984;Beach;0,23;0,067;2,149;3,82
U.S.ArmyEngineerWaterways1984;Beach;0,23;0,047;2,13;2,69
U.S.ArmyEngineerWaterways1984;Beach;0,23;0,058;2,11;3,32
U.S.ArmyEngineerWaterways1984;Beach;0,24;0,071;2,079;4,07
U.S.ArmyEngineerWaterways1984;Beach;0,25;0,023;1,998;1,33
U.S.ArmyEngineerWaterways1984;Beach;0,25;0,026;1,998;1,51
U.S.ArmyEngineerWaterways1984;Beach;0,25;0,033;1,998;1,9
U.S.ArmyEngineerWaterways1984;Beach;0,25;0,024;1,984;1,36
U.S.ArmyEngineerWaterways1984;Beach;0,27;0,009;1,914;0,54
U.S.ArmyEngineerWaterways1984;Beach;0,26;0,019;1,928;1,08
U.S.ArmyEngineerWaterways1984;Beach;0,27;0,019;1,904;1,07
U.S.ArmyEngineerWaterways1984;Beach;0,27;0,023;1,863;1,32
U.S.ArmyEngineerWaterways1984;Beach;0,28;0,023;1,831;1,32
U.S.ArmyEngineerWaterways1984;Beach;0,29;0,029;1,799;1,67
U.S.ArmyEngineerWaterways1984;Beach;0,3;0,025;1,749;1,45
U.S.ArmyEngineerWaterways1984;Beach;0,3;0,039;1,743;2,23
U.S.ArmyEngineerWaterways1984;Beach;0,29;0,043;1,801;2,45
U.S.ArmyEngineerWaterways1984;Beach;0,26;0,041;1,92;2,35
U.S.ArmyEngineerWaterways1984;Beach;0,26;0,045;1,951;2,6
U.S.ArmyEngineerWaterways1984;Beach;0,27;0,053;1,892;3,03
U.S.ArmyEngineerWaterways1984;Beach;0,25;0,048;2,016;2,75
U.S.ArmyEngineerWaterways1984;Beach;0,26;0,06;1,961;3,42
U.S.ArmyEngineerWaterways1984;Beach;0,26;0,065;1,961;3,74
U.S.ArmyEngineerWaterways1984;Beach;0,25;0,087;1,992;4,98
U.S.ArmyEngineerWaterways1984;Beach;0,27;0,085;1,902;4,87
U.S.ArmyEngineerWaterways1984;Beach;0,27;0,096;1,884;5,47
U.S.ArmyEngineerWaterways1984;Beach;0,26;0,099;1,918;5,64
U.S.ArmyEngineerWaterways1984;Beach;0,26;0,108;1,949;6,17
U.S.ArmyEngineerWaterways1984;Beach;0,25;0,133;2,02;7,58
U.S.ArmyEngineerWaterways1984;Beach;0,29;0,104;1,803;5,92
U.S.ArmyEngineerWaterways1984;Beach;0,29;0,115;1,806;6,55
U.S.ArmyEngineerWaterways1984;Beach;0,29;0,086;1,803;4,93
U.S.ArmyEngineerWaterways1984;Beach;0,32;0,044;1,646;2,55
U.S.ArmyEngineerWaterways1984;Beach;0,33;0,05;1,62;2,86
U.S.ArmyEngineerWaterways1984;Beach;0,31;0,052;1,703;2,98
U.S.ArmyEngineerWaterways1984;Beach;0,3;0,074;1,718;4,22
U.S.ArmyEngineerWaterways1984;Beach;0,32;0,097;1,653;5,55
U.S.ArmyEngineerWaterways1984;Beach;0,31;0,12;1,699;6,86
U.S.ArmyEngineerWaterways1984;Beach;0,33;0,062;1,611;3,54
U.S.ArmyEngineerWaterways1984;Beach;0,35;0,046;1,526;2,61
U.S.ArmyEngineerWaterways1984;Beach;0,36;0,028;1,485;1,61
U.S.ArmyEngineerWaterways1984;Beach;0,37;0,026;1,435;1,5
U.S.ArmyEngineerWaterways1984;Beach;0,35;0,052;1,502;3
U.S.ArmyEngineerWaterways1984;Beach;0,33;0,082;1,608;4,7
U.S.ArmyEngineerWaterways1984;Beach;0,34;0,104;1,561;5,93
U.S.ArmyEngineerWaterways1984;Beach;0,34;0,139;1,555;7,93
U.S.ArmyEngineerWaterways1984;Beach;0,35;0,124;1,526;7,09
U.S.ArmyEngineerWaterways1984;Beach;0,36;0,099;1,488;5,65
U.S.ArmyEngineerWaterways1984;Beach;0,37;0,081;1,429;4,62
U.S.ArmyEngineerWaterways1984;Beach;0,38;0,079;1,405;4,51
U.S.ArmyEngineerWaterways1984;Beach;0,38;0,084;1,405;4,83
U.S.ArmyEngineerWaterways1984;Beach;0,37;0,124;1,445;7,08
U.S.ArmyEngineerWaterways1984;Beach;0,38;0,144;1,411;8,2
U.S.ArmyEngineerWaterways1984;Beach;0,38;0,181;1,405;10,27
U.S.ArmyEngineerWaterways1984;Beach;0,4;0,132;1,326;7,53
U.S.ArmyEngineerWaterways1984;Beach;0,4;0,114;1,325;6,51
U.S.ArmyEngineerWaterways1984;Beach;0,42;0,049;1,255;2,83
U.S.ArmyEngineerWaterways1984;Beach;0,43;0,052;1,208;3
U.S.ArmyEngineerWaterways1984;Beach;0,44;0,064;1,168;3,63
U.S.ArmyEngineerWaterways1984;Beach;0,46;0,08;1,122;4,55
U.S.ArmyEngineerWaterways1984;Beach;0,44;0,116;1,184;6,6
U.S.ArmyEngineerWaterways1984;Beach;0,47;0,1;1,09;5,71
U.S.ArmyEngineerWaterways1984;Beach;0,49;0,107;1,026;6,12
U.S.ArmyEngineerWaterways1984;Beach;0,41;0,161;1,297;9,16
U.S.ArmyEngineerWaterways1984;Beach;0,43;0,193;1,226;10,91
U.S.ArmyEngineerWaterways1984;Beach;0,48;0,156;1,061;8,85
U.S.ArmyEngineerWaterways1984;Beach;0,5;0,156;1;8,85
U.S.ArmyEngineerWaterways1984;Beach;0,54;0,18;0,891;10,18
U.S.ArmyEngineerWaterways1984;Beach;0,56;0,179;0,836;10,14
U.S.ArmyEngineerWaterways1984;Beach;0,56;0,14;0,837;7,99
U.S.ArmyEngineerWaterways1984;Beach;0,52;0,12;0,94;6,81
U.S.ArmyEngineerWaterways1984;Beach;0,53;0,089;0,914;5,09
U.S.ArmyEngineerWaterways1984;Beach;0,61;0,116;0,715;6,61
U.S.ArmyEngineerWaterways1984;Beach;0,62;0,144;0,688;8,21
U.S.ArmyEngineerWaterways1984;Beach;0,64;0,124;0,642;7,09
U.S.ArmyEngineerWaterways1984;Beach;0,65;0,126;0,619;7,19
U.S.ArmyEngineerWaterways1984;Beach;0,68;0,125;0,547;7,14
U.S.ArmyEngineerWaterways1984;Beach;0,68;0,142;0,547;8,08
U.S.ArmyEngineerWaterways1984;Beach;0,71;0,134;0,493;7,62
U.S.ArmyEngineerWaterways1984;Beach;0,71;0,164;0,499;9,33
U.S.ArmyEngineerWaterways1984;Beach;0,71;0,174;0,485;9,88
U.S.ArmyEngineerWaterways1984;Beach;0,73;0,15;0,446;8,52
U.S.ArmyEngineerWaterways1984;Beach;0,8;0,18;0,321;10,23
Komar1998;Beach;0,56;0,242;0,84;13,6
Komar1998;Beach;0,56;0,209;0,84;11,8
Komar1998;Beach;0,56;0,2;0,836;11,31
Komar1998;Beach;0,48;0,199;1,059;11,25
Komar1998;Beach;0,44;0,189;1,192;10,68
Komar1998;Beach;0,54;0,181;0,902;10,23
Komar1998;Beach;0,56;0,18;0,83;10,2
Komar1998;Beach;0,81;0,204;0,297;11,54
Komar1998;Beach;0,79;0,182;0,342;10,29
Komar1998;Beach;0,75;0,159;0,422;9,05
Komar1998;Beach;0,7;0,16;0,522;9,07
Komar1998;Beach;0,6;0,159;0,736;9,02
Komar1998;Beach;0,53;0,16;0,919;9,07
Komar1998;Beach;0,36;0,159;1,483;9,02
Komar1998;Beach;0,49;0,161;1,036;9,15
Komar1998;Beach;0,5;0,15;0,999;8,54
Komar1998;Beach;0,62;0,142;0,701;8,08
Komar1998;Beach;0,71;0,134;0,499;7,61
Komar1998;Beach;0,72;0,12;0,466;6,82
Komar1998;Beach;0,77;0,119;0,381;6,78
Komar1998;Beach;0,8;0,119;0,317;6,78
Komar1998;Beach;0,65;0,12;0,624;6,85
Komar1998;Beach;0,61;0,115;0,724;6,56
Komar1998;Beach;0,6;0,12;0,748;6,82
Komar1998;Beach;0,52;0,116;0,946;6,62
Komar1998;Beach;0,44;0,125;1,2;7,12
Komar1998;Beach;0,49;0,111;1,028;6,32
Komar1998;Beach;0,45;0,099;1,151;5,64
Komar1998;Beach;0,36;0,098;1,472;5,61
Komar1998;Beach;0,3;0,102;1,741;5,81
Komar1998;Beach;0,32;0,096;1,631;5,48
Komar1998;Beach;0,27;0,097;1,893;5,55
Komar1998;Beach;0,26;0,088;1,927;5,04
Komar1998;Beach;0,55;0,086;0,874;4,94
Komar1998;Beach;0,5;0,086;0,999;4,94
Komar1998;Beach;0,45;0,086;1,155;4,91
Komar1998;Beach;0,46;0,083;1,111;4,73
Komar1998;Beach;0,38;0,083;1,385;4,77
Komar1998;Beach;0,46;0,065;1,115;3,72
Komar1998;Beach;0,39;0,074;1,347;4,26
Komar1998;Beach;0,37;0,08;1,428;4,55
Komar1998;Beach;0,35;0,08;1,507;4,55
Komar1998;Beach;0,31;0,08;1,687;4,55
Komar1998;Beach;0,3;0,076;1,753;4,37
Komar1998;Beach;0,28;0,073;1,834;4,16
Komar1998;Beach;0,3;0,068;1,74;3,88
Komar1998;Beach;0,26;0,078;1,955;4,46
Komar1998;Beach;0,22;0,078;2,189;4,47
Komar1998;Beach;0,2;0,07;2,327;4,03
Komar1998;Beach;0,25;0,067;2,018;3,83
Komar1998;Beach;0,2;0,061;2,309;3,5
Komar1998;Beach;0,22;0,059;2,189;3,38
Komar1998;Beach;0,25;0,06;2,011;3,41
Komar1998;Beach;0,25;0,057;1,975;3,23
Komar1998;Beach;0,19;0,057;2,401;3,25
Komar1998;Beach;0,39;0,056;1,347;3,22
Komar1998;Beach;0,19;0,049;2,419;2,82
Komar1998;Beach;0,22;0,043;2,196;2,44
Komar1998;Beach;0,25;0,048;2,018;2,73
Komar1998;Beach;0,25;0,049;1,989;2,82
Komar1998;Beach;0,25;0,051;1,989;2,95
Komar1998;Beach;0,25;0,042;2,01;2,43
Komar1998;Beach;0,26;0,043;1,925;2,44
Komar1998;Beach;0,29;0,042;1,801;2,41
Komar1998;Beach;0,29;0,044;1,801;2,51
Komar1998;Beach;0,31;0,044;1,669;2,52
Komar1998;Beach;0,34;0,043;1,543;2,47
Komar1998;Beach;0,25;0,036;1,995;2,09
Komar1998;Beach;0,21;0,032;2,254;1,83
Komar1998;Beach;0,29;0,03;1,8;1,75
Komar1998;Beach;0,3;0,029;1,726;1,65
Komar1998;Beach;0,25;0,028;2,002;1,59
Komar1998;Beach;0,28;0,025;1,825;1,43
Komar1998;Beach;0,25;0,024;1,98;1,39
Komar1998;Beach;0,23;0,025;2,138;1,44
Komar1998;Beach;0,21;0,024;2,245;1,39
Komar1998;Beach;0,18;0,024;2,486;1,39
Komar1998;Beach;0,27;0,022;1,903;1,28
Komar1998;Beach;0,23;0,02;2,113;1,15
Komar1998;Beach;0,23;0,015;2,09;0,89
Komar1998;Beach;0,21;0,014;2,243;0,82
Komar1998;Beach;0,18;0,012;2,444;0,69
Komar1998;Beach;0,21;0,012;2,243;0,69
Komar1998;Beach;0,19;0,011;2,395;0,63
Komar1998;Beach;0,17;0,011;2,556;0,64
Brayne2015;Beach;140;0,27;-7,129;15,11
Brayne2015;Beach;70;0,123;-6,129;7,01